2026-05-26 20:57:53,389 - server - INFO - Starting server on 127.0.0.1:18765
2026-05-26 20:57:53,411 - websockets.server - INFO - server listening on 127.0.0.1:18765
2026-05-26 20:57:53,412 - server - INFO - Server running on ws://127.0.0.1:18765
2026-05-26 20:57:55,407 - websockets.server - INFO - server closing
2026-05-26 20:57:55,407 - websockets.server - INFO - server closed
2026-05-26 20:57:55,538 - server - INFO - Starting server on 127.0.0.1:18765
2026-05-26 20:57:55,538 - websockets.server - INFO - server listening on 127.0.0.1:18765
2026-05-26 20:57:55,538 - server - INFO - Server running on ws://127.0.0.1:18765
2026-05-26 20:57:56,456 - websockets.server - INFO - connection open
2026-05-26 20:57:56,462 - websockets.server - ERROR - connection handler failed
Traceback (most recent call last):
  File "C:\Users\Mukta\AppData\Roaming\Python\Python310\site-packages\websockets\asyncio\server.py", line 376, in conn_handler
    await self.handler(connection)
TypeError: AudioServer.handle_client() missing 1 required positional argument: 'path'
2026-05-26 20:57:56,466 - client - INFO - Client 1: Connected to ws://127.0.0.1:18765
2026-05-26 20:57:56,471 - client - WARNING - Client 1: Connection closed while receiving ACKs
2026-05-26 20:57:56,471 - client - ERROR - Client 1: Error sending packet: received 1011 (internal error); then sent 1011 (internal error)
2026-05-26 20:57:56,538 - client - ERROR - Client 1: Error sending packet: received 1011 (internal error); then sent 1011 (internal error)
2026-05-26 20:57:56,605 - client - ERROR - Client 1: Error sending packet: received 1011 (internal error); then sent 1011 (internal error)
2026-05-26 20:57:56,672 - client - ERROR - Client 1: Error sending packet: received 1011 (internal error); then sent 1011 (internal error)
2026-05-26 20:57:56,726 - client - ERROR - Client 1: Error sending packet: received 1011 (internal error); then sent 1011 (internal error)
2026-05-26 20:57:56,780 - client - ERROR - Client 1: Error sending packet: received 1011 (internal error); then sent 1011 (internal error)
2026-05-26 20:57:56,840 - client - ERROR - Client 1: Error sending packet: received 1011 (internal error); then sent 1011 (internal error)
2026-05-26 20:57:56,897 - client - ERROR - Client 1: Error sending packet: received 1011 (internal error); then sent 1011 (internal error)
2026-05-26 20:57:56,955 - client - ERROR - Client 1: Error sending packet: received 1011 (internal error); then sent 1011 (internal error)
2026-05-26 20:57:57,015 - client - ERROR - Client 1: Error sending packet: received 1011 (internal error); then sent 1011 (internal error)
2026-05-26 20:57:57,072 - client - ERROR - Client 1: Error sending packet: received 1011 (internal error); then sent 1011 (internal error)
2026-05-26 20:57:57,131 - client - ERROR - Client 1: Error sending packet: received 1011 (internal error); then sent 1011 (internal error)
2026-05-26 20:57:57,189 - client - ERROR - Client 1: Error sending packet: received 1011 (internal error); then sent 1011 (internal error)
2026-05-26 20:57:57,249 - client - ERROR - Client 1: Error sending packet: received 1011 (internal error); then sent 1011 (internal error)
2026-05-26 20:57:57,306 - client - ERROR - Client 1: Error sending packet: received 1011 (internal error); then sent 1011 (internal error)
2026-05-26 20:57:57,362 - client - ERROR - Client 1: Error sending packet: received 1011 (internal error); then sent 1011 (internal error)
2026-05-26 20:57:57,422 - client - ERROR - Client 1: Error sending packet: received 1011 (internal error); then sent 1011 (internal error)
2026-05-26 20:57:57,480 - client - ERROR - Client 1: Error sending packet: received 1011 (internal error); then sent 1011 (internal error)
2026-05-26 20:57:57,539 - client - ERROR - Client 1: Error sending packet: received 1011 (internal error); then sent 1011 (internal error)
2026-05-26 20:57:57,596 - client - ERROR - Client 1: Error sending packet: received 1011 (internal error); then sent 1011 (internal error)
2026-05-26 20:57:57,654 - client - ERROR - Client 1: Error sending packet: received 1011 (internal error); then sent 1011 (internal error)
2026-05-26 20:57:57,714 - client - ERROR - Client 1: Error sending packet: received 1011 (internal error); then sent 1011 (internal error)
2026-05-26 20:57:57,772 - client - ERROR - Client 1: Error sending packet: received 1011 (internal error); then sent 1011 (internal error)
2026-05-26 20:57:57,830 - client - ERROR - Client 1: Error sending packet: received 1011 (internal error); then sent 1011 (internal error)
2026-05-26 20:57:57,888 - client - ERROR - Client 1: Error sending packet: received 1011 (internal error); then sent 1011 (internal error)
2026-05-26 20:57:57,947 - client - ERROR - Client 1: Error sending packet: received 1011 (internal error); then sent 1011 (internal error)
2026-05-26 20:57:58,005 - client - ERROR - Client 1: Error sending packet: received 1011 (internal error); then sent 1011 (internal error)
2026-05-26 20:57:58,064 - client - ERROR - Client 1: Error sending packet: received 1011 (internal error); then sent 1011 (internal error)
2026-05-26 20:57:58,123 - client - ERROR - Client 1: Error sending packet: received 1011 (internal error); then sent 1011 (internal error)
2026-05-26 20:57:58,180 - client - ERROR - Client 1: Error sending packet: received 1011 (internal error); then sent 1011 (internal error)
2026-05-26 20:57:58,238 - client - ERROR - Client 1: Error sending packet: received 1011 (internal error); then sent 1011 (internal error)
2026-05-26 20:57:58,297 - client - ERROR - Client 1: Error sending packet: received 1011 (internal error); then sent 1011 (internal error)
2026-05-26 20:57:58,357 - client - ERROR - Client 1: Error sending packet: received 1011 (internal error); then sent 1011 (internal error)
2026-05-26 20:57:58,415 - client - ERROR - Client 1: Error sending packet: received 1011 (internal error); then sent 1011 (internal error)
2026-05-26 20:57:58,474 - client - ERROR - Client 1: Error sending packet: received 1011 (internal error); then sent 1011 (internal error)
2026-05-26 20:57:58,532 - client - ERROR - Client 1: Error sending packet: received 1011 (internal error); then sent 1011 (internal error)
2026-05-26 20:57:58,588 - client - ERROR - Client 1: Error sending packet: received 1011 (internal error); then sent 1011 (internal error)
2026-05-26 20:57:58,649 - client - ERROR - Client 1: Error sending packet: received 1011 (internal error); then sent 1011 (internal error)
2026-05-26 20:57:58,706 - client - ERROR - Client 1: Error sending packet: received 1011 (internal error); then sent 1011 (internal error)
2026-05-26 20:57:58,763 - client - ERROR - Client 1: Error sending packet: received 1011 (internal error); then sent 1011 (internal error)
2026-05-26 20:57:58,815 - client - ERROR - Client 1: Error sending packet: received 1011 (internal error); then sent 1011 (internal error)
2026-05-26 20:57:58,875 - client - ERROR - Client 1: Error sending packet: received 1011 (internal error); then sent 1011 (internal error)
2026-05-26 20:57:58,929 - client - ERROR - Client 1: Error sending packet: received 1011 (internal error); then sent 1011 (internal error)
2026-05-26 20:57:58,992 - client - ERROR - Client 1: Error sending packet: received 1011 (internal error); then sent 1011 (internal error)
2026-05-26 20:57:59,055 - client - ERROR - Client 1: Error sending packet: received 1011 (internal error); then sent 1011 (internal error)
2026-05-26 20:57:59,114 - client - ERROR - Client 1: Error sending packet: received 1011 (internal error); then sent 1011 (internal error)
2026-05-26 20:57:59,174 - client - ERROR - Client 1: Error sending packet: received 1011 (internal error); then sent 1011 (internal error)
2026-05-26 20:57:59,231 - client - ERROR - Client 1: Error sending packet: received 1011 (internal error); then sent 1011 (internal error)
2026-05-26 20:57:59,321 - client - ERROR - Client 1: Error sending packet: received 1011 (internal error); then sent 1011 (internal error)
2026-05-26 20:57:59,399 - client - ERROR - Client 1: Error sending packet: received 1011 (internal error); then sent 1011 (internal error)
2026-05-26 20:57:59,461 - client - ERROR - Client 1: Error sending packet: received 1011 (internal error); then sent 1011 (internal error)
2026-05-26 20:57:59,505 - client - ERROR - Client 1: Error sending packet: received 1011 (internal error); then sent 1011 (internal error)
2026-05-26 20:57:59,564 - client - ERROR - Client 1: Error sending packet: received 1011 (internal error); then sent 1011 (internal error)
2026-05-26 20:57:59,625 - client - ERROR - Client 1: Error sending packet: received 1011 (internal error); then sent 1011 (internal error)
2026-05-26 20:57:59,680 - client - ERROR - Client 1: Error sending packet: received 1011 (internal error); then sent 1011 (internal error)
2026-05-26 20:57:59,738 - client - ERROR - Client 1: Error sending packet: received 1011 (internal error); then sent 1011 (internal error)
2026-05-26 20:57:59,797 - client - ERROR - Client 1: Error sending packet: received 1011 (internal error); then sent 1011 (internal error)
2026-05-26 20:57:59,854 - client - ERROR - Client 1: Error sending packet: received 1011 (internal error); then sent 1011 (internal error)
2026-05-26 20:57:59,905 - client - ERROR - Client 1: Error sending packet: received 1011 (internal error); then sent 1011 (internal error)
2026-05-26 20:57:59,973 - client - ERROR - Client 1: Error sending packet: received 1011 (internal error); then sent 1011 (internal error)
2026-05-26 20:58:00,031 - client - ERROR - Client 1: Error sending packet: received 1011 (internal error); then sent 1011 (internal error)
2026-05-26 20:58:00,091 - client - ERROR - Client 1: Error sending packet: received 1011 (internal error); then sent 1011 (internal error)
2026-05-26 20:58:00,149 - client - ERROR - Client 1: Error sending packet: received 1011 (internal error); then sent 1011 (internal error)
2026-05-26 20:58:00,206 - client - ERROR - Client 1: Error sending packet: received 1011 (internal error); then sent 1011 (internal error)
2026-05-26 20:58:00,263 - client - ERROR - Client 1: Error sending packet: received 1011 (internal error); then sent 1011 (internal error)
2026-05-26 20:58:00,321 - client - ERROR - Client 1: Error sending packet: received 1011 (internal error); then sent 1011 (internal error)
2026-05-26 20:58:00,383 - client - ERROR - Client 1: Error sending packet: received 1011 (internal error); then sent 1011 (internal error)
2026-05-26 20:58:00,439 - client - ERROR - Client 1: Error sending packet: received 1011 (internal error); then sent 1011 (internal error)
2026-05-26 20:58:00,495 - client - ERROR - Client 1: Error sending packet: received 1011 (internal error); then sent 1011 (internal error)
2026-05-26 20:58:00,556 - client - ERROR - Client 1: Error sending packet: received 1011 (internal error); then sent 1011 (internal error)
2026-05-26 20:58:00,617 - client - ERROR - Client 1: Error sending packet: received 1011 (internal error); then sent 1011 (internal error)
2026-05-26 20:58:00,672 - client - ERROR - Client 1: Error sending packet: received 1011 (internal error); then sent 1011 (internal error)
2026-05-26 20:58:00,730 - client - ERROR - Client 1: Error sending packet: received 1011 (internal error); then sent 1011 (internal error)
2026-05-26 20:58:00,794 - client - ERROR - Client 1: Error sending packet: received 1011 (internal error); then sent 1011 (internal error)
2026-05-26 20:58:00,847 - client - ERROR - Client 1: Error sending packet: received 1011 (internal error); then sent 1011 (internal error)
2026-05-26 20:58:00,906 - client - ERROR - Client 1: Error sending packet: received 1011 (internal error); then sent 1011 (internal error)
2026-05-26 20:58:00,964 - client - ERROR - Client 1: Error sending packet: received 1011 (internal error); then sent 1011 (internal error)
2026-05-26 20:58:01,022 - client - ERROR - Client 1: Error sending packet: received 1011 (internal error); then sent 1011 (internal error)
2026-05-26 20:58:01,081 - client - ERROR - Client 1: Error sending packet: received 1011 (internal error); then sent 1011 (internal error)
2026-05-26 20:58:01,139 - client - ERROR - Client 1: Error sending packet: received 1011 (internal error); then sent 1011 (internal error)
2026-05-26 20:58:01,200 - client - ERROR - Client 1: Error sending packet: received 1011 (internal error); then sent 1011 (internal error)
2026-05-26 20:58:01,258 - client - ERROR - Client 1: Error sending packet: received 1011 (internal error); then sent 1011 (internal error)
2026-05-26 20:58:01,312 - client - ERROR - Client 1: Error sending packet: received 1011 (internal error); then sent 1011 (internal error)
2026-05-26 20:58:01,373 - client - ERROR - Client 1: Error sending packet: received 1011 (internal error); then sent 1011 (internal error)
2026-05-26 20:58:01,427 - client - ERROR - Client 1: Error sending packet: received 1011 (internal error); then sent 1011 (internal error)
2026-05-26 20:58:01,464 - websockets.server - INFO - server closing
2026-05-26 20:58:01,464 - websockets.server - INFO - server closed
2026-05-26 20:58:01,495 - server - INFO - Starting server on 127.0.0.1:18766
2026-05-26 20:58:01,495 - websockets.server - INFO - server listening on 127.0.0.1:18766
2026-05-26 20:58:01,495 - server - INFO - Server running on ws://127.0.0.1:18766
2026-05-26 20:58:02,514 - websockets.server - INFO - connection open
2026-05-26 20:58:02,517 - websockets.server - ERROR - connection handler failed
Traceback (most recent call last):
  File "C:\Users\Mukta\AppData\Roaming\Python\Python310\site-packages\websockets\asyncio\server.py", line 376, in conn_handler
    await self.handler(connection)
TypeError: AudioServer.handle_client() missing 1 required positional argument: 'path'
2026-05-26 20:58:02,519 - websockets.server - INFO - connection open
2026-05-26 20:58:02,519 - websockets.server - ERROR - connection handler failed
Traceback (most recent call last):
  File "C:\Users\Mukta\AppData\Roaming\Python\Python310\site-packages\websockets\asyncio\server.py", line 376, in conn_handler
    await self.handler(connection)
TypeError: AudioServer.handle_client() missing 1 required positional argument: 'path'
2026-05-26 20:58:02,522 - websockets.server - INFO - connection open
2026-05-26 20:58:02,524 - websockets.server - ERROR - connection handler failed
Traceback (most recent call last):
  File "C:\Users\Mukta\AppData\Roaming\Python\Python310\site-packages\websockets\asyncio\server.py", line 376, in conn_handler
    await self.handler(connection)
TypeError: AudioServer.handle_client() missing 1 required positional argument: 'path'
2026-05-26 20:58:02,529 - client - INFO - Client 2: Connected to ws://127.0.0.1:18766
2026-05-26 20:58:02,529 - client - INFO - Client 1: Connected to ws://127.0.0.1:18766
2026-05-26 20:58:02,532 - client - INFO - Client 3: Connected to ws://127.0.0.1:18766
2026-05-26 20:58:02,539 - client - WARNING - Client 2: Connection closed while receiving ACKs
2026-05-26 20:58:02,541 - client - WARNING - Client 1: Connection closed while receiving ACKs
2026-05-26 20:58:02,541 - client - ERROR - Client 2: Error sending packet: received 1011 (internal error); then sent 1011 (internal error)
2026-05-26 20:58:02,543 - client - ERROR - Client 1: Error sending packet: received 1011 (internal error); then sent 1011 (internal error)
2026-05-26 20:58:02,543 - client - WARNING - Client 3: Connection closed while receiving ACKs
2026-05-26 20:58:02,544 - client - ERROR - Client 3: Error sending packet: received 1011 (internal error); then sent 1011 (internal error)
2026-05-26 20:58:02,606 - client - ERROR - Client 2: Error sending packet: received 1011 (internal error); then sent 1011 (internal error)
2026-05-26 20:58:02,606 - client - ERROR - Client 1: Error sending packet: received 1011 (internal error); then sent 1011 (internal error)
2026-05-26 20:58:02,606 - client - ERROR - Client 3: Error sending packet: received 1011 (internal error); then sent 1011 (internal error)
2026-05-26 20:58:02,663 - client - ERROR - Client 2: Error sending packet: received 1011 (internal error); then sent 1011 (internal error)
2026-05-26 20:58:02,663 - client - ERROR - Client 1: Error sending packet: received 1011 (internal error); then sent 1011 (internal error)
2026-05-26 20:58:02,668 - client - ERROR - Client 3: Error sending packet: received 1011 (internal error); then sent 1011 (internal error)
2026-05-26 20:58:02,712 - client - ERROR - Client 2: Error sending packet: received 1011 (internal error); then sent 1011 (internal error)
2026-05-26 20:58:02,750 - client - ERROR - Client 1: Error sending packet: received 1011 (internal error); then sent 1011 (internal error)
2026-05-26 20:58:02,750 - client - ERROR - Client 3: Error sending packet: received 1011 (internal error); then sent 1011 (internal error)
2026-05-26 20:58:02,752 - client - ERROR - Client 2: Error sending packet: received 1011 (internal error); then sent 1011 (internal error)
2026-05-26 20:58:02,804 - client - ERROR - Client 1: Error sending packet: received 1011 (internal error); then sent 1011 (internal error)
2026-05-26 20:58:02,804 - client - ERROR - Client 3: Error sending packet: received 1011 (internal error); then sent 1011 (internal error)
2026-05-26 20:58:02,807 - client - ERROR - Client 2: Error sending packet: received 1011 (internal error); then sent 1011 (internal error)
2026-05-26 20:58:02,863 - client - ERROR - Client 1: Error sending packet: received 1011 (internal error); then sent 1011 (internal error)
2026-05-26 20:58:02,865 - client - ERROR - Client 3: Error sending packet: received 1011 (internal error); then sent 1011 (internal error)
2026-05-26 20:58:02,865 - client - ERROR - Client 2: Error sending packet: received 1011 (internal error); then sent 1011 (internal error)
2026-05-26 20:58:02,924 - client - ERROR - Client 1: Error sending packet: received 1011 (internal error); then sent 1011 (internal error)
2026-05-26 20:58:02,928 - client - ERROR - Client 3: Error sending packet: received 1011 (internal error); then sent 1011 (internal error)
2026-05-26 20:58:02,929 - client - ERROR - Client 2: Error sending packet: received 1011 (internal error); then sent 1011 (internal error)
2026-05-26 20:58:02,989 - client - ERROR - Client 1: Error sending packet: received 1011 (internal error); then sent 1011 (internal error)
2026-05-26 20:58:02,992 - client - ERROR - Client 3: Error sending packet: received 1011 (internal error); then sent 1011 (internal error)
2026-05-26 20:58:02,993 - client - ERROR - Client 2: Error sending packet: received 1011 (internal error); then sent 1011 (internal error)
2026-05-26 20:58:03,054 - client - ERROR - Client 1: Error sending packet: received 1011 (internal error); then sent 1011 (internal error)
2026-05-26 20:58:03,054 - client - ERROR - Client 3: Error sending packet: received 1011 (internal error); then sent 1011 (internal error)
2026-05-26 20:58:03,059 - client - ERROR - Client 2: Error sending packet: received 1011 (internal error); then sent 1011 (internal error)
2026-05-26 20:58:03,104 - client - ERROR - Client 1: Error sending packet: received 1011 (internal error); then sent 1011 (internal error)
2026-05-26 20:58:03,104 - client - ERROR - Client 3: Error sending packet: received 1011 (internal error); then sent 1011 (internal error)
2026-05-26 20:58:03,104 - client - ERROR - Client 2: Error sending packet: received 1011 (internal error); then sent 1011 (internal error)
2026-05-26 20:58:03,162 - client - ERROR - Client 1: Error sending packet: received 1011 (internal error); then sent 1011 (internal error)
2026-05-26 20:58:03,165 - client - ERROR - Client 3: Error sending packet: received 1011 (internal error); then sent 1011 (internal error)
2026-05-26 20:58:03,166 - client - ERROR - Client 2: Error sending packet: received 1011 (internal error); then sent 1011 (internal error)
2026-05-26 20:58:03,212 - client - ERROR - Client 1: Error sending packet: received 1011 (internal error); then sent 1011 (internal error)
2026-05-26 20:58:03,212 - client - ERROR - Client 3: Error sending packet: received 1011 (internal error); then sent 1011 (internal error)
2026-05-26 20:58:03,246 - client - ERROR - Client 2: Error sending packet: received 1011 (internal error); then sent 1011 (internal error)
2026-05-26 20:58:03,246 - client - ERROR - Client 1: Error sending packet: received 1011 (internal error); then sent 1011 (internal error)
2026-05-26 20:58:03,246 - client - ERROR - Client 3: Error sending packet: received 1011 (internal error); then sent 1011 (internal error)
2026-05-26 20:58:03,297 - client - ERROR - Client 2: Error sending packet: received 1011 (internal error); then sent 1011 (internal error)
2026-05-26 20:58:03,300 - client - ERROR - Client 1: Error sending packet: received 1011 (internal error); then sent 1011 (internal error)
2026-05-26 20:58:03,304 - client - ERROR - Client 3: Error sending packet: received 1011 (internal error); then sent 1011 (internal error)
2026-05-26 20:58:03,358 - client - ERROR - Client 2: Error sending packet: received 1011 (internal error); then sent 1011 (internal error)
2026-05-26 20:58:03,363 - client - ERROR - Client 1: Error sending packet: received 1011 (internal error); then sent 1011 (internal error)
2026-05-26 20:58:03,363 - client - ERROR - Client 3: Error sending packet: received 1011 (internal error); then sent 1011 (internal error)
2026-05-26 20:58:03,422 - client - ERROR - Client 2: Error sending packet: received 1011 (internal error); then sent 1011 (internal error)
2026-05-26 20:58:03,424 - client - ERROR - Client 1: Error sending packet: received 1011 (internal error); then sent 1011 (internal error)
2026-05-26 20:58:03,426 - client - ERROR - Client 3: Error sending packet: received 1011 (internal error); then sent 1011 (internal error)
2026-05-26 20:58:03,489 - client - ERROR - Client 2: Error sending packet: received 1011 (internal error); then sent 1011 (internal error)
2026-05-26 20:58:03,491 - client - ERROR - Client 1: Error sending packet: received 1011 (internal error); then sent 1011 (internal error)
2026-05-26 20:58:03,493 - client - ERROR - Client 3: Error sending packet: received 1011 (internal error); then sent 1011 (internal error)
2026-05-26 20:58:03,547 - client - ERROR - Client 2: Error sending packet: received 1011 (internal error); then sent 1011 (internal error)
2026-05-26 20:58:03,550 - client - ERROR - Client 1: Error sending packet: received 1011 (internal error); then sent 1011 (internal error)
2026-05-26 20:58:03,550 - client - ERROR - Client 3: Error sending packet: received 1011 (internal error); then sent 1011 (internal error)
2026-05-26 20:58:03,605 - client - ERROR - Client 2: Error sending packet: received 1011 (internal error); then sent 1011 (internal error)
2026-05-26 20:58:03,605 - client - ERROR - Client 1: Error sending packet: received 1011 (internal error); then sent 1011 (internal error)
2026-05-26 20:58:03,605 - client - ERROR - Client 3: Error sending packet: received 1011 (internal error); then sent 1011 (internal error)
2026-05-26 20:58:03,663 - client - ERROR - Client 2: Error sending packet: received 1011 (internal error); then sent 1011 (internal error)
2026-05-26 20:58:03,665 - client - ERROR - Client 1: Error sending packet: received 1011 (internal error); then sent 1011 (internal error)
2026-05-26 20:58:03,667 - client - ERROR - Client 3: Error sending packet: received 1011 (internal error); then sent 1011 (internal error)
2026-05-26 20:58:03,705 - client - ERROR - Client 2: Error sending packet: received 1011 (internal error); then sent 1011 (internal error)
2026-05-26 20:58:03,705 - client - ERROR - Client 1: Error sending packet: received 1011 (internal error); then sent 1011 (internal error)
2026-05-26 20:58:03,730 - client - ERROR - Client 3: Error sending packet: received 1011 (internal error); then sent 1011 (internal error)
2026-05-26 20:58:03,754 - client - ERROR - Client 2: Error sending packet: received 1011 (internal error); then sent 1011 (internal error)
2026-05-26 20:58:03,754 - client - ERROR - Client 1: Error sending packet: received 1011 (internal error); then sent 1011 (internal error)
2026-05-26 20:58:03,796 - client - ERROR - Client 3: Error sending packet: received 1011 (internal error); then sent 1011 (internal error)
2026-05-26 20:58:03,796 - client - ERROR - Client 2: Error sending packet: received 1011 (internal error); then sent 1011 (internal error)
2026-05-26 20:58:03,802 - client - ERROR - Client 1: Error sending packet: received 1011 (internal error); then sent 1011 (internal error)
2026-05-26 20:58:03,865 - client - ERROR - Client 3: Error sending packet: received 1011 (internal error); then sent 1011 (internal error)
2026-05-26 20:58:03,867 - client - ERROR - Client 2: Error sending packet: received 1011 (internal error); then sent 1011 (internal error)
2026-05-26 20:58:03,869 - client - ERROR - Client 1: Error sending packet: received 1011 (internal error); then sent 1011 (internal error)
2026-05-26 20:58:03,923 - client - ERROR - Client 3: Error sending packet: received 1011 (internal error); then sent 1011 (internal error)
2026-05-26 20:58:03,927 - client - ERROR - Client 2: Error sending packet: received 1011 (internal error); then sent 1011 (internal error)
2026-05-26 20:58:03,929 - client - ERROR - Client 1: Error sending packet: received 1011 (internal error); then sent 1011 (internal error)
2026-05-26 20:58:03,998 - client - ERROR - Client 3: Error sending packet: received 1011 (internal error); then sent 1011 (internal error)
2026-05-26 20:58:04,001 - client - ERROR - Client 1: Error sending packet: received 1011 (internal error); then sent 1011 (internal error)
2026-05-26 20:58:04,001 - client - ERROR - Client 2: Error sending packet: received 1011 (internal error); then sent 1011 (internal error)
2026-05-26 20:58:04,063 - client - ERROR - Client 3: Error sending packet: received 1011 (internal error); then sent 1011 (internal error)
2026-05-26 20:58:04,065 - client - ERROR - Client 1: Error sending packet: received 1011 (internal error); then sent 1011 (internal error)
2026-05-26 20:58:04,066 - client - ERROR - Client 2: Error sending packet: received 1011 (internal error); then sent 1011 (internal error)
2026-05-26 20:58:04,130 - client - ERROR - Client 1: Error sending packet: received 1011 (internal error); then sent 1011 (internal error)
2026-05-26 20:58:04,134 - client - ERROR - Client 3: Error sending packet: received 1011 (internal error); then sent 1011 (internal error)
2026-05-26 20:58:04,134 - client - ERROR - Client 2: Error sending packet: received 1011 (internal error); then sent 1011 (internal error)
2026-05-26 20:58:04,188 - client - ERROR - Client 1: Error sending packet: received 1011 (internal error); then sent 1011 (internal error)
2026-05-26 20:58:04,188 - client - ERROR - Client 3: Error sending packet: received 1011 (internal error); then sent 1011 (internal error)
2026-05-26 20:58:04,188 - client - ERROR - Client 2: Error sending packet: received 1011 (internal error); then sent 1011 (internal error)
2026-05-26 20:58:04,247 - client - ERROR - Client 1: Error sending packet: received 1011 (internal error); then sent 1011 (internal error)
2026-05-26 20:58:04,252 - client - ERROR - Client 3: Error sending packet: received 1011 (internal error); then sent 1011 (internal error)
2026-05-26 20:58:04,252 - client - ERROR - Client 2: Error sending packet: received 1011 (internal error); then sent 1011 (internal error)
2026-05-26 20:58:04,321 - client - ERROR - Client 1: Error sending packet: received 1011 (internal error); then sent 1011 (internal error)
2026-05-26 20:58:04,321 - client - ERROR - Client 3: Error sending packet: received 1011 (internal error); then sent 1011 (internal error)
2026-05-26 20:58:04,329 - client - ERROR - Client 2: Error sending packet: received 1011 (internal error); then sent 1011 (internal error)
2026-05-26 20:58:04,371 - client - ERROR - Client 1: Error sending packet: received 1011 (internal error); then sent 1011 (internal error)
2026-05-26 20:58:04,371 - client - ERROR - Client 3: Error sending packet: received 1011 (internal error); then sent 1011 (internal error)
2026-05-26 20:58:04,376 - client - ERROR - Client 2: Error sending packet: received 1011 (internal error); then sent 1011 (internal error)
2026-05-26 20:58:04,430 - client - ERROR - Client 1: Error sending packet: received 1011 (internal error); then sent 1011 (internal error)
2026-05-26 20:58:04,432 - client - ERROR - Client 3: Error sending packet: received 1011 (internal error); then sent 1011 (internal error)
2026-05-26 20:58:04,432 - client - ERROR - Client 2: Error sending packet: received 1011 (internal error); then sent 1011 (internal error)
2026-05-26 20:58:04,471 - client - ERROR - Client 1: Error sending packet: received 1011 (internal error); then sent 1011 (internal error)
2026-05-26 20:58:04,471 - client - ERROR - Client 3: Error sending packet: received 1011 (internal error); then sent 1011 (internal error)
2026-05-26 20:58:04,475 - client - ERROR - Client 2: Error sending packet: received 1011 (internal error); then sent 1011 (internal error)
2026-05-26 20:58:04,539 - client - ERROR - Client 1: Error sending packet: received 1011 (internal error); then sent 1011 (internal error)
2026-05-26 20:58:04,539 - client - ERROR - Client 3: Error sending packet: received 1011 (internal error); then sent 1011 (internal error)
2026-05-26 20:58:04,547 - client - ERROR - Client 2: Error sending packet: received 1011 (internal error); then sent 1011 (internal error)
2026-05-26 20:58:04,596 - client - ERROR - Client 1: Error sending packet: received 1011 (internal error); then sent 1011 (internal error)
2026-05-26 20:58:04,598 - client - ERROR - Client 3: Error sending packet: received 1011 (internal error); then sent 1011 (internal error)
2026-05-26 20:58:04,598 - client - ERROR - Client 2: Error sending packet: received 1011 (internal error); then sent 1011 (internal error)
2026-05-26 20:58:04,654 - client - ERROR - Client 1: Error sending packet: received 1011 (internal error); then sent 1011 (internal error)
2026-05-26 20:58:04,654 - client - ERROR - Client 3: Error sending packet: received 1011 (internal error); then sent 1011 (internal error)
2026-05-26 20:58:04,654 - client - ERROR - Client 2: Error sending packet: received 1011 (internal error); then sent 1011 (internal error)
2026-05-26 20:58:04,717 - client - ERROR - Client 1: Error sending packet: received 1011 (internal error); then sent 1011 (internal error)
2026-05-26 20:58:04,717 - client - ERROR - Client 3: Error sending packet: received 1011 (internal error); then sent 1011 (internal error)
2026-05-26 20:58:04,719 - client - ERROR - Client 2: Error sending packet: received 1011 (internal error); then sent 1011 (internal error)
2026-05-26 20:58:04,779 - client - ERROR - Client 1: Error sending packet: received 1011 (internal error); then sent 1011 (internal error)
2026-05-26 20:58:04,783 - client - ERROR - Client 3: Error sending packet: received 1011 (internal error); then sent 1011 (internal error)
2026-05-26 20:58:04,786 - client - ERROR - Client 2: Error sending packet: received 1011 (internal error); then sent 1011 (internal error)
2026-05-26 20:58:04,846 - client - ERROR - Client 1: Error sending packet: received 1011 (internal error); then sent 1011 (internal error)
2026-05-26 20:58:04,849 - client - ERROR - Client 3: Error sending packet: received 1011 (internal error); then sent 1011 (internal error)
2026-05-26 20:58:04,849 - client - ERROR - Client 2: Error sending packet: received 1011 (internal error); then sent 1011 (internal error)
2026-05-26 20:58:04,913 - client - ERROR - Client 1: Error sending packet: received 1011 (internal error); then sent 1011 (internal error)
2026-05-26 20:58:04,913 - client - ERROR - Client 3: Error sending packet: received 1011 (internal error); then sent 1011 (internal error)
2026-05-26 20:58:04,913 - client - ERROR - Client 2: Error sending packet: received 1011 (internal error); then sent 1011 (internal error)
2026-05-26 20:58:04,971 - client - ERROR - Client 1: Error sending packet: received 1011 (internal error); then sent 1011 (internal error)
2026-05-26 20:58:04,971 - client - ERROR - Client 3: Error sending packet: received 1011 (internal error); then sent 1011 (internal error)
2026-05-26 20:58:04,971 - client - ERROR - Client 2: Error sending packet: received 1011 (internal error); then sent 1011 (internal error)
2026-05-26 20:58:05,030 - client - ERROR - Client 1: Error sending packet: received 1011 (internal error); then sent 1011 (internal error)
2026-05-26 20:58:05,030 - client - ERROR - Client 3: Error sending packet: received 1011 (internal error); then sent 1011 (internal error)
2026-05-26 20:58:05,034 - client - ERROR - Client 2: Error sending packet: received 1011 (internal error); then sent 1011 (internal error)
2026-05-26 20:58:05,097 - client - ERROR - Client 1: Error sending packet: received 1011 (internal error); then sent 1011 (internal error)
2026-05-26 20:58:05,099 - client - ERROR - Client 3: Error sending packet: received 1011 (internal error); then sent 1011 (internal error)
2026-05-26 20:58:05,099 - client - ERROR - Client 2: Error sending packet: received 1011 (internal error); then sent 1011 (internal error)
2026-05-26 20:58:05,154 - client - ERROR - Client 1: Error sending packet: received 1011 (internal error); then sent 1011 (internal error)
2026-05-26 20:58:05,158 - client - ERROR - Client 3: Error sending packet: received 1011 (internal error); then sent 1011 (internal error)
2026-05-26 20:58:05,163 - client - ERROR - Client 2: Error sending packet: received 1011 (internal error); then sent 1011 (internal error)
2026-05-26 20:58:05,221 - client - ERROR - Client 1: Error sending packet: received 1011 (internal error); then sent 1011 (internal error)
2026-05-26 20:58:05,223 - client - ERROR - Client 3: Error sending packet: received 1011 (internal error); then sent 1011 (internal error)
2026-05-26 20:58:05,225 - client - ERROR - Client 2: Error sending packet: received 1011 (internal error); then sent 1011 (internal error)
2026-05-26 20:58:05,288 - client - ERROR - Client 1: Error sending packet: received 1011 (internal error); then sent 1011 (internal error)
2026-05-26 20:58:05,290 - client - ERROR - Client 3: Error sending packet: received 1011 (internal error); then sent 1011 (internal error)
2026-05-26 20:58:05,290 - client - ERROR - Client 2: Error sending packet: received 1011 (internal error); then sent 1011 (internal error)
2026-05-26 20:58:05,346 - client - ERROR - Client 1: Error sending packet: received 1011 (internal error); then sent 1011 (internal error)
2026-05-26 20:58:05,348 - client - ERROR - Client 3: Error sending packet: received 1011 (internal error); then sent 1011 (internal error)
2026-05-26 20:58:05,350 - client - ERROR - Client 2: Error sending packet: received 1011 (internal error); then sent 1011 (internal error)
2026-05-26 20:58:05,404 - client - ERROR - Client 1: Error sending packet: received 1011 (internal error); then sent 1011 (internal error)
2026-05-26 20:58:05,404 - client - ERROR - Client 3: Error sending packet: received 1011 (internal error); then sent 1011 (internal error)
2026-05-26 20:58:05,404 - client - ERROR - Client 2: Error sending packet: received 1011 (internal error); then sent 1011 (internal error)
2026-05-26 20:58:05,463 - client - ERROR - Client 1: Error sending packet: received 1011 (internal error); then sent 1011 (internal error)
2026-05-26 20:58:05,465 - client - ERROR - Client 3: Error sending packet: received 1011 (internal error); then sent 1011 (internal error)
2026-05-26 20:58:05,465 - client - ERROR - Client 2: Error sending packet: received 1011 (internal error); then sent 1011 (internal error)
2026-05-26 20:58:05,507 - client - ERROR - Client 1: Error sending packet: received 1011 (internal error); then sent 1011 (internal error)
2026-05-26 20:58:05,538 - client - ERROR - Client 3: Error sending packet: received 1011 (internal error); then sent 1011 (internal error)
2026-05-26 20:58:05,538 - client - ERROR - Client 2: Error sending packet: received 1011 (internal error); then sent 1011 (internal error)
2026-05-26 20:58:05,563 - client - ERROR - Client 1: Error sending packet: received 1011 (internal error); then sent 1011 (internal error)
2026-05-26 20:58:05,596 - client - ERROR - Client 3: Error sending packet: received 1011 (internal error); then sent 1011 (internal error)
2026-05-26 20:58:05,596 - client - ERROR - Client 2: Error sending packet: received 1011 (internal error); then sent 1011 (internal error)
2026-05-26 20:58:05,621 - client - ERROR - Client 1: Error sending packet: received 1011 (internal error); then sent 1011 (internal error)
2026-05-26 20:58:05,647 - client - ERROR - Client 3: Error sending packet: received 1011 (internal error); then sent 1011 (internal error)
2026-05-26 20:58:05,647 - client - ERROR - Client 2: Error sending packet: received 1011 (internal error); then sent 1011 (internal error)
2026-05-26 20:58:05,690 - client - ERROR - Client 1: Error sending packet: received 1011 (internal error); then sent 1011 (internal error)
2026-05-26 20:58:05,690 - client - ERROR - Client 3: Error sending packet: received 1011 (internal error); then sent 1011 (internal error)
2026-05-26 20:58:05,696 - client - ERROR - Client 2: Error sending packet: received 1011 (internal error); then sent 1011 (internal error)
2026-05-26 20:58:05,763 - client - ERROR - Client 1: Error sending packet: received 1011 (internal error); then sent 1011 (internal error)
2026-05-26 20:58:05,763 - client - ERROR - Client 3: Error sending packet: received 1011 (internal error); then sent 1011 (internal error)
2026-05-26 20:58:05,763 - client - ERROR - Client 2: Error sending packet: received 1011 (internal error); then sent 1011 (internal error)
2026-05-26 20:58:05,829 - client - ERROR - Client 1: Error sending packet: received 1011 (internal error); then sent 1011 (internal error)
2026-05-26 20:58:05,834 - client - ERROR - Client 3: Error sending packet: received 1011 (internal error); then sent 1011 (internal error)
2026-05-26 20:58:05,834 - client - ERROR - Client 2: Error sending packet: received 1011 (internal error); then sent 1011 (internal error)
2026-05-26 20:58:05,889 - client - ERROR - Client 1: Error sending packet: received 1011 (internal error); then sent 1011 (internal error)
2026-05-26 20:58:05,889 - client - ERROR - Client 3: Error sending packet: received 1011 (internal error); then sent 1011 (internal error)
2026-05-26 20:58:05,889 - client - ERROR - Client 2: Error sending packet: received 1011 (internal error); then sent 1011 (internal error)
2026-05-26 20:58:05,947 - client - ERROR - Client 1: Error sending packet: received 1011 (internal error); then sent 1011 (internal error)
2026-05-26 20:58:05,947 - client - ERROR - Client 3: Error sending packet: received 1011 (internal error); then sent 1011 (internal error)
2026-05-26 20:58:05,954 - client - ERROR - Client 2: Error sending packet: received 1011 (internal error); then sent 1011 (internal error)
2026-05-26 20:58:05,996 - client - ERROR - Client 1: Error sending packet: received 1011 (internal error); then sent 1011 (internal error)
2026-05-26 20:58:05,996 - client - ERROR - Client 3: Error sending packet: received 1011 (internal error); then sent 1011 (internal error)
2026-05-26 20:58:05,996 - client - ERROR - Client 2: Error sending packet: received 1011 (internal error); then sent 1011 (internal error)
2026-05-26 20:58:06,050 - client - ERROR - Client 2: Error sending packet: received 1011 (internal error); then sent 1011 (internal error)
2026-05-26 20:58:06,052 - client - ERROR - Client 1: Error sending packet: received 1011 (internal error); then sent 1011 (internal error)
2026-05-26 20:58:06,057 - client - ERROR - Client 3: Error sending packet: received 1011 (internal error); then sent 1011 (internal error)
2026-05-26 20:58:06,095 - client - ERROR - Client 2: Error sending packet: received 1011 (internal error); then sent 1011 (internal error)
2026-05-26 20:58:06,104 - client - ERROR - Client 1: Error sending packet: received 1011 (internal error); then sent 1011 (internal error)
2026-05-26 20:58:06,121 - client - ERROR - Client 3: Error sending packet: received 1011 (internal error); then sent 1011 (internal error)
2026-05-26 20:58:06,149 - client - ERROR - Client 2: Error sending packet: received 1011 (internal error); then sent 1011 (internal error)
2026-05-26 20:58:06,181 - client - ERROR - Client 1: Error sending packet: received 1011 (internal error); then sent 1011 (internal error)
2026-05-26 20:58:06,183 - client - ERROR - Client 3: Error sending packet: received 1011 (internal error); then sent 1011 (internal error)
2026-05-26 20:58:06,199 - client - ERROR - Client 2: Error sending packet: received 1011 (internal error); then sent 1011 (internal error)
2026-05-26 20:58:06,222 - client - ERROR - Client 1: Error sending packet: received 1011 (internal error); then sent 1011 (internal error)
2026-05-26 20:58:06,246 - client - ERROR - Client 3: Error sending packet: received 1011 (internal error); then sent 1011 (internal error)
2026-05-26 20:58:06,250 - client - ERROR - Client 2: Error sending packet: received 1011 (internal error); then sent 1011 (internal error)
2026-05-26 20:58:06,272 - client - ERROR - Client 1: Error sending packet: received 1011 (internal error); then sent 1011 (internal error)
2026-05-26 20:58:06,313 - client - ERROR - Client 3: Error sending packet: received 1011 (internal error); then sent 1011 (internal error)
2026-05-26 20:58:06,313 - client - ERROR - Client 2: Error sending packet: received 1011 (internal error); then sent 1011 (internal error)
2026-05-26 20:58:06,313 - client - ERROR - Client 1: Error sending packet: received 1011 (internal error); then sent 1011 (internal error)
2026-05-26 20:58:06,371 - client - ERROR - Client 3: Error sending packet: received 1011 (internal error); then sent 1011 (internal error)
2026-05-26 20:58:06,375 - client - ERROR - Client 2: Error sending packet: received 1011 (internal error); then sent 1011 (internal error)
2026-05-26 20:58:06,375 - client - ERROR - Client 1: Error sending packet: received 1011 (internal error); then sent 1011 (internal error)
2026-05-26 20:58:06,429 - client - ERROR - Client 3: Error sending packet: received 1011 (internal error); then sent 1011 (internal error)
2026-05-26 20:58:06,429 - client - ERROR - Client 1: Error sending packet: received 1011 (internal error); then sent 1011 (internal error)
2026-05-26 20:58:06,429 - client - ERROR - Client 2: Error sending packet: received 1011 (internal error); then sent 1011 (internal error)
2026-05-26 20:58:06,489 - client - ERROR - Client 3: Error sending packet: received 1011 (internal error); then sent 1011 (internal error)
2026-05-26 20:58:06,492 - client - ERROR - Client 1: Error sending packet: received 1011 (internal error); then sent 1011 (internal error)
2026-05-26 20:58:06,492 - client - ERROR - Client 2: Error sending packet: received 1011 (internal error); then sent 1011 (internal error)
2026-05-26 20:58:06,539 - client - ERROR - Client 3: Error sending packet: received 1011 (internal error); then sent 1011 (internal error)
2026-05-26 20:58:06,539 - client - ERROR - Client 1: Error sending packet: received 1011 (internal error); then sent 1011 (internal error)
2026-05-26 20:58:06,563 - client - ERROR - Client 2: Error sending packet: received 1011 (internal error); then sent 1011 (internal error)
2026-05-26 20:58:06,589 - client - ERROR - Client 3: Error sending packet: received 1011 (internal error); then sent 1011 (internal error)
2026-05-26 20:58:06,589 - client - ERROR - Client 1: Error sending packet: received 1011 (internal error); then sent 1011 (internal error)
2026-05-26 20:58:06,621 - client - ERROR - Client 2: Error sending packet: received 1011 (internal error); then sent 1011 (internal error)
2026-05-26 20:58:06,647 - client - ERROR - Client 3: Error sending packet: received 1011 (internal error); then sent 1011 (internal error)
2026-05-26 20:58:06,650 - client - ERROR - Client 1: Error sending packet: received 1011 (internal error); then sent 1011 (internal error)
2026-05-26 20:58:06,696 - client - ERROR - Client 2: Error sending packet: received 1011 (internal error); then sent 1011 (internal error)
2026-05-26 20:58:06,697 - client - ERROR - Client 3: Error sending packet: received 1011 (internal error); then sent 1011 (internal error)
2026-05-26 20:58:06,697 - client - ERROR - Client 1: Error sending packet: received 1011 (internal error); then sent 1011 (internal error)
2026-05-26 20:58:06,752 - client - ERROR - Client 2: Error sending packet: received 1011 (internal error); then sent 1011 (internal error)
2026-05-26 20:58:06,756 - client - ERROR - Client 3: Error sending packet: received 1011 (internal error); then sent 1011 (internal error)
2026-05-26 20:58:06,758 - client - ERROR - Client 1: Error sending packet: received 1011 (internal error); then sent 1011 (internal error)
2026-05-26 20:58:06,812 - client - ERROR - Client 2: Error sending packet: received 1011 (internal error); then sent 1011 (internal error)
2026-05-26 20:58:06,812 - client - ERROR - Client 3: Error sending packet: received 1011 (internal error); then sent 1011 (internal error)
2026-05-26 20:58:06,812 - client - ERROR - Client 1: Error sending packet: received 1011 (internal error); then sent 1011 (internal error)
2026-05-26 20:58:06,880 - client - ERROR - Client 2: Error sending packet: received 1011 (internal error); then sent 1011 (internal error)
2026-05-26 20:58:06,880 - client - ERROR - Client 1: Error sending packet: received 1011 (internal error); then sent 1011 (internal error)
2026-05-26 20:58:06,883 - client - ERROR - Client 3: Error sending packet: received 1011 (internal error); then sent 1011 (internal error)
2026-05-26 20:58:06,940 - client - ERROR - Client 2: Error sending packet: received 1011 (internal error); then sent 1011 (internal error)
2026-05-26 20:58:06,940 - client - ERROR - Client 1: Error sending packet: received 1011 (internal error); then sent 1011 (internal error)
2026-05-26 20:58:06,940 - client - ERROR - Client 3: Error sending packet: received 1011 (internal error); then sent 1011 (internal error)
2026-05-26 20:58:07,004 - client - ERROR - Client 2: Error sending packet: received 1011 (internal error); then sent 1011 (internal error)
2026-05-26 20:58:07,008 - client - ERROR - Client 1: Error sending packet: received 1011 (internal error); then sent 1011 (internal error)
2026-05-26 20:58:07,008 - client - ERROR - Client 3: Error sending packet: received 1011 (internal error); then sent 1011 (internal error)
2026-05-26 20:58:07,048 - client - ERROR - Client 2: Error sending packet: received 1011 (internal error); then sent 1011 (internal error)
2026-05-26 20:58:07,050 - client - ERROR - Client 1: Error sending packet: received 1011 (internal error); then sent 1011 (internal error)
2026-05-26 20:58:07,071 - client - ERROR - Client 3: Error sending packet: received 1011 (internal error); then sent 1011 (internal error)
2026-05-26 20:58:07,113 - client - ERROR - Client 2: Error sending packet: received 1011 (internal error); then sent 1011 (internal error)
2026-05-26 20:58:07,120 - client - ERROR - Client 1: Error sending packet: received 1011 (internal error); then sent 1011 (internal error)
2026-05-26 20:58:07,121 - client - ERROR - Client 3: Error sending packet: received 1011 (internal error); then sent 1011 (internal error)
2026-05-26 20:58:07,163 - client - ERROR - Client 2: Error sending packet: received 1011 (internal error); then sent 1011 (internal error)
2026-05-26 20:58:07,188 - client - ERROR - Client 1: Error sending packet: received 1011 (internal error); then sent 1011 (internal error)
2026-05-26 20:58:07,188 - client - ERROR - Client 3: Error sending packet: received 1011 (internal error); then sent 1011 (internal error)
2026-05-26 20:58:07,222 - client - ERROR - Client 2: Error sending packet: received 1011 (internal error); then sent 1011 (internal error)
2026-05-26 20:58:07,254 - client - ERROR - Client 1: Error sending packet: received 1011 (internal error); then sent 1011 (internal error)
2026-05-26 20:58:07,254 - client - ERROR - Client 3: Error sending packet: received 1011 (internal error); then sent 1011 (internal error)
2026-05-26 20:58:07,288 - client - ERROR - Client 2: Error sending packet: received 1011 (internal error); then sent 1011 (internal error)
2026-05-26 20:58:07,313 - client - ERROR - Client 1: Error sending packet: received 1011 (internal error); then sent 1011 (internal error)
2026-05-26 20:58:07,315 - client - ERROR - Client 3: Error sending packet: received 1011 (internal error); then sent 1011 (internal error)
2026-05-26 20:58:07,338 - client - ERROR - Client 2: Error sending packet: received 1011 (internal error); then sent 1011 (internal error)
2026-05-26 20:58:07,388 - client - ERROR - Client 1: Error sending packet: received 1011 (internal error); then sent 1011 (internal error)
2026-05-26 20:58:07,388 - client - ERROR - Client 3: Error sending packet: received 1011 (internal error); then sent 1011 (internal error)
2026-05-26 20:58:07,388 - client - ERROR - Client 2: Error sending packet: received 1011 (internal error); then sent 1011 (internal error)
2026-05-26 20:58:07,446 - client - ERROR - Client 1: Error sending packet: received 1011 (internal error); then sent 1011 (internal error)
2026-05-26 20:58:07,449 - client - ERROR - Client 3: Error sending packet: received 1011 (internal error); then sent 1011 (internal error)
2026-05-26 20:58:07,451 - client - ERROR - Client 2: Error sending packet: received 1011 (internal error); then sent 1011 (internal error)
2026-05-26 20:58:07,513 - client - ERROR - Client 1: Error sending packet: received 1011 (internal error); then sent 1011 (internal error)
2026-05-26 20:58:07,513 - client - ERROR - Client 3: Error sending packet: received 1011 (internal error); then sent 1011 (internal error)
2026-05-26 20:58:07,513 - client - ERROR - Client 2: Error sending packet: received 1011 (internal error); then sent 1011 (internal error)
2026-05-26 20:58:07,567 - client - ERROR - Client 1: Error sending packet: received 1011 (internal error); then sent 1011 (internal error)
2026-05-26 20:58:07,571 - client - ERROR - Client 3: Error sending packet: received 1011 (internal error); then sent 1011 (internal error)
2026-05-26 20:58:07,571 - client - ERROR - Client 2: Error sending packet: received 1011 (internal error); then sent 1011 (internal error)
2026-05-26 20:58:07,631 - client - ERROR - Client 1: Error sending packet: received 1011 (internal error); then sent 1011 (internal error)
2026-05-26 20:58:07,631 - client - ERROR - Client 3: Error sending packet: received 1011 (internal error); then sent 1011 (internal error)
2026-05-26 20:58:07,637 - client - ERROR - Client 2: Error sending packet: received 1011 (internal error); then sent 1011 (internal error)
2026-05-26 20:58:07,679 - client - ERROR - Client 1: Error sending packet: received 1011 (internal error); then sent 1011 (internal error)
2026-05-26 20:58:07,683 - client - ERROR - Client 3: Error sending packet: received 1011 (internal error); then sent 1011 (internal error)
2026-05-26 20:58:07,688 - client - ERROR - Client 2: Error sending packet: received 1011 (internal error); then sent 1011 (internal error)
2026-05-26 20:58:07,731 - client - ERROR - Client 1: Error sending packet: received 1011 (internal error); then sent 1011 (internal error)
2026-05-26 20:58:07,732 - client - ERROR - Client 3: Error sending packet: received 1011 (internal error); then sent 1011 (internal error)
2026-05-26 20:58:07,734 - client - ERROR - Client 2: Error sending packet: received 1011 (internal error); then sent 1011 (internal error)
2026-05-26 20:58:07,796 - client - ERROR - Client 1: Error sending packet: received 1011 (internal error); then sent 1011 (internal error)
2026-05-26 20:58:07,796 - client - ERROR - Client 3: Error sending packet: received 1011 (internal error); then sent 1011 (internal error)
2026-05-26 20:58:07,796 - client - ERROR - Client 2: Error sending packet: received 1011 (internal error); then sent 1011 (internal error)
2026-05-26 20:58:07,854 - client - ERROR - Client 1: Error sending packet: received 1011 (internal error); then sent 1011 (internal error)
2026-05-26 20:58:07,854 - client - ERROR - Client 2: Error sending packet: received 1011 (internal error); then sent 1011 (internal error)
2026-05-26 20:58:07,860 - client - ERROR - Client 3: Error sending packet: received 1011 (internal error); then sent 1011 (internal error)
2026-05-26 20:58:07,923 - client - ERROR - Client 1: Error sending packet: received 1011 (internal error); then sent 1011 (internal error)
2026-05-26 20:58:07,925 - client - ERROR - Client 2: Error sending packet: received 1011 (internal error); then sent 1011 (internal error)
2026-05-26 20:58:07,927 - client - ERROR - Client 3: Error sending packet: received 1011 (internal error); then sent 1011 (internal error)
2026-05-26 20:58:07,988 - client - ERROR - Client 3: Error sending packet: received 1011 (internal error); then sent 1011 (internal error)
2026-05-26 20:58:07,988 - client - ERROR - Client 1: Error sending packet: received 1011 (internal error); then sent 1011 (internal error)
2026-05-26 20:58:07,988 - client - ERROR - Client 2: Error sending packet: received 1011 (internal error); then sent 1011 (internal error)
2026-05-26 20:58:08,054 - client - ERROR - Client 3: Error sending packet: received 1011 (internal error); then sent 1011 (internal error)
2026-05-26 20:58:08,056 - client - ERROR - Client 1: Error sending packet: received 1011 (internal error); then sent 1011 (internal error)
2026-05-26 20:58:08,059 - client - ERROR - Client 2: Error sending packet: received 1011 (internal error); then sent 1011 (internal error)
2026-05-26 20:58:08,106 - client - ERROR - Client 3: Error sending packet: received 1011 (internal error); then sent 1011 (internal error)
2026-05-26 20:58:08,106 - client - ERROR - Client 1: Error sending packet: received 1011 (internal error); then sent 1011 (internal error)
2026-05-26 20:58:08,113 - client - ERROR - Client 2: Error sending packet: received 1011 (internal error); then sent 1011 (internal error)
2026-05-26 20:58:08,171 - client - ERROR - Client 1: Error sending packet: received 1011 (internal error); then sent 1011 (internal error)
2026-05-26 20:58:08,171 - client - ERROR - Client 2: Error sending packet: received 1011 (internal error); then sent 1011 (internal error)
2026-05-26 20:58:08,171 - client - ERROR - Client 3: Error sending packet: received 1011 (internal error); then sent 1011 (internal error)
2026-05-26 20:58:08,240 - client - ERROR - Client 1: Error sending packet: received 1011 (internal error); then sent 1011 (internal error)
2026-05-26 20:58:08,240 - client - ERROR - Client 2: Error sending packet: received 1011 (internal error); then sent 1011 (internal error)
2026-05-26 20:58:08,240 - client - ERROR - Client 3: Error sending packet: received 1011 (internal error); then sent 1011 (internal error)
2026-05-26 20:58:08,297 - client - ERROR - Client 1: Error sending packet: received 1011 (internal error); then sent 1011 (internal error)
2026-05-26 20:58:08,297 - client - ERROR - Client 2: Error sending packet: received 1011 (internal error); then sent 1011 (internal error)
2026-05-26 20:58:08,302 - client - ERROR - Client 3: Error sending packet: received 1011 (internal error); then sent 1011 (internal error)
2026-05-26 20:58:08,356 - client - ERROR - Client 1: Error sending packet: received 1011 (internal error); then sent 1011 (internal error)
2026-05-26 20:58:08,358 - client - ERROR - Client 2: Error sending packet: received 1011 (internal error); then sent 1011 (internal error)
2026-05-26 20:58:08,360 - client - ERROR - Client 3: Error sending packet: received 1011 (internal error); then sent 1011 (internal error)
2026-05-26 20:58:08,422 - client - ERROR - Client 1: Error sending packet: received 1011 (internal error); then sent 1011 (internal error)
2026-05-26 20:58:08,422 - client - ERROR - Client 2: Error sending packet: received 1011 (internal error); then sent 1011 (internal error)
2026-05-26 20:58:08,422 - client - ERROR - Client 3: Error sending packet: received 1011 (internal error); then sent 1011 (internal error)
2026-05-26 20:58:08,480 - client - ERROR - Client 1: Error sending packet: received 1011 (internal error); then sent 1011 (internal error)
2026-05-26 20:58:08,483 - client - ERROR - Client 2: Error sending packet: received 1011 (internal error); then sent 1011 (internal error)
2026-05-26 20:58:08,488 - client - ERROR - Client 3: Error sending packet: received 1011 (internal error); then sent 1011 (internal error)
2026-05-26 20:58:08,488 - websockets.server - INFO - server closing
2026-05-26 20:58:08,488 - websockets.server - INFO - server closed
2026-05-26 20:58:10,523 - client - ERROR - Client 1: Unexpected error: [WinError 1225] The remote computer refused the network connection
2026-05-26 21:00:32,860 - server - INFO - Starting server on 127.0.0.1:18765
2026-05-26 21:00:32,874 - websockets.server - INFO - server listening on 127.0.0.1:18765
2026-05-26 21:00:32,876 - server - INFO - Server running on ws://127.0.0.1:18765
2026-05-26 21:00:34,867 - websockets.server - INFO - server closing
2026-05-26 21:00:34,867 - websockets.server - INFO - server closed
2026-05-26 21:00:34,909 - server - INFO - Starting server on 127.0.0.1:18765
2026-05-26 21:00:34,911 - websockets.server - INFO - server listening on 127.0.0.1:18765
2026-05-26 21:00:34,912 - server - INFO - Server running on ws://127.0.0.1:18765
2026-05-26 21:00:35,927 - websockets.server - INFO - connection open
2026-05-26 21:00:35,927 - websockets.server - ERROR - connection handler failed
Traceback (most recent call last):
  File "C:\Users\Mukta\AppData\Roaming\Python\Python310\site-packages\websockets\asyncio\server.py", line 376, in conn_handler
    await self.handler(connection)
TypeError: AudioServer.start.<locals>.handler() missing 1 required positional argument: 'path'
2026-05-26 21:00:35,935 - client - INFO - Client 1: Connected to ws://127.0.0.1:18765
2026-05-26 21:00:35,941 - client - WARNING - Client 1: Connection closed while receiving ACKs
2026-05-26 21:00:35,941 - client - ERROR - Client 1: Error sending packet: received 1011 (internal error); then sent 1011 (internal error)
2026-05-26 21:00:35,993 - client - ERROR - Client 1: Error sending packet: received 1011 (internal error); then sent 1011 (internal error)
2026-05-26 21:00:36,059 - client - ERROR - Client 1: Error sending packet: received 1011 (internal error); then sent 1011 (internal error)
2026-05-26 21:00:36,117 - client - ERROR - Client 1: Error sending packet: received 1011 (internal error); then sent 1011 (internal error)
2026-05-26 21:00:36,178 - client - ERROR - Client 1: Error sending packet: received 1011 (internal error); then sent 1011 (internal error)
2026-05-26 21:00:36,234 - client - ERROR - Client 1: Error sending packet: received 1011 (internal error); then sent 1011 (internal error)
2026-05-26 21:00:36,293 - client - ERROR - Client 1: Error sending packet: received 1011 (internal error); then sent 1011 (internal error)
2026-05-26 21:00:36,351 - client - ERROR - Client 1: Error sending packet: received 1011 (internal error); then sent 1011 (internal error)
2026-05-26 21:00:36,409 - client - ERROR - Client 1: Error sending packet: received 1011 (internal error); then sent 1011 (internal error)
2026-05-26 21:00:36,468 - client - ERROR - Client 1: Error sending packet: received 1011 (internal error); then sent 1011 (internal error)
2026-05-26 21:00:36,526 - client - ERROR - Client 1: Error sending packet: received 1011 (internal error); then sent 1011 (internal error)
2026-05-26 21:00:36,585 - client - ERROR - Client 1: Error sending packet: received 1011 (internal error); then sent 1011 (internal error)
2026-05-26 21:00:36,641 - client - ERROR - Client 1: Error sending packet: received 1011 (internal error); then sent 1011 (internal error)
2026-05-26 21:00:36,702 - client - ERROR - Client 1: Error sending packet: received 1011 (internal error); then sent 1011 (internal error)
2026-05-26 21:00:36,759 - client - ERROR - Client 1: Error sending packet: received 1011 (internal error); then sent 1011 (internal error)
2026-05-26 21:00:36,817 - client - ERROR - Client 1: Error sending packet: received 1011 (internal error); then sent 1011 (internal error)
2026-05-26 21:00:36,876 - client - ERROR - Client 1: Error sending packet: received 1011 (internal error); then sent 1011 (internal error)
2026-05-26 21:00:36,934 - client - ERROR - Client 1: Error sending packet: received 1011 (internal error); then sent 1011 (internal error)
2026-05-26 21:00:36,995 - client - ERROR - Client 1: Error sending packet: received 1011 (internal error); then sent 1011 (internal error)
2026-05-26 21:00:37,051 - client - ERROR - Client 1: Error sending packet: received 1011 (internal error); then sent 1011 (internal error)
2026-05-26 21:00:37,110 - client - ERROR - Client 1: Error sending packet: received 1011 (internal error); then sent 1011 (internal error)
2026-05-26 21:00:37,169 - client - ERROR - Client 1: Error sending packet: received 1011 (internal error); then sent 1011 (internal error)
2026-05-26 21:00:37,224 - client - ERROR - Client 1: Error sending packet: received 1011 (internal error); then sent 1011 (internal error)
2026-05-26 21:00:37,284 - client - ERROR - Client 1: Error sending packet: received 1011 (internal error); then sent 1011 (internal error)
2026-05-26 21:00:37,343 - client - ERROR - Client 1: Error sending packet: received 1011 (internal error); then sent 1011 (internal error)
2026-05-26 21:00:37,403 - client - ERROR - Client 1: Error sending packet: received 1011 (internal error); then sent 1011 (internal error)
2026-05-26 21:00:37,460 - client - ERROR - Client 1: Error sending packet: received 1011 (internal error); then sent 1011 (internal error)
2026-05-26 21:00:37,518 - client - ERROR - Client 1: Error sending packet: received 1011 (internal error); then sent 1011 (internal error)
2026-05-26 21:00:37,576 - client - ERROR - Client 1: Error sending packet: received 1011 (internal error); then sent 1011 (internal error)
2026-05-26 21:00:37,635 - client - ERROR - Client 1: Error sending packet: received 1011 (internal error); then sent 1011 (internal error)
2026-05-26 21:00:37,692 - client - ERROR - Client 1: Error sending packet: received 1011 (internal error); then sent 1011 (internal error)
2026-05-26 21:00:37,751 - client - ERROR - Client 1: Error sending packet: received 1011 (internal error); then sent 1011 (internal error)
2026-05-26 21:00:37,807 - client - ERROR - Client 1: Error sending packet: received 1011 (internal error); then sent 1011 (internal error)
2026-05-26 21:00:37,862 - client - ERROR - Client 1: Error sending packet: received 1011 (internal error); then sent 1011 (internal error)
2026-05-26 21:00:37,917 - client - ERROR - Client 1: Error sending packet: received 1011 (internal error); then sent 1011 (internal error)
2026-05-26 21:00:37,976 - client - ERROR - Client 1: Error sending packet: received 1011 (internal error); then sent 1011 (internal error)
2026-05-26 21:00:38,037 - client - ERROR - Client 1: Error sending packet: received 1011 (internal error); then sent 1011 (internal error)
2026-05-26 21:00:38,093 - client - ERROR - Client 1: Error sending packet: received 1011 (internal error); then sent 1011 (internal error)
2026-05-26 21:00:38,151 - client - ERROR - Client 1: Error sending packet: received 1011 (internal error); then sent 1011 (internal error)
2026-05-26 21:00:38,210 - client - ERROR - Client 1: Error sending packet: received 1011 (internal error); then sent 1011 (internal error)
2026-05-26 21:00:38,268 - client - ERROR - Client 1: Error sending packet: received 1011 (internal error); then sent 1011 (internal error)
2026-05-26 21:00:38,326 - client - ERROR - Client 1: Error sending packet: received 1011 (internal error); then sent 1011 (internal error)
2026-05-26 21:00:38,392 - client - ERROR - Client 1: Error sending packet: received 1011 (internal error); then sent 1011 (internal error)
2026-05-26 21:00:38,450 - client - ERROR - Client 1: Error sending packet: received 1011 (internal error); then sent 1011 (internal error)
2026-05-26 21:00:38,510 - client - ERROR - Client 1: Error sending packet: received 1011 (internal error); then sent 1011 (internal error)
2026-05-26 21:00:38,568 - client - ERROR - Client 1: Error sending packet: received 1011 (internal error); then sent 1011 (internal error)
2026-05-26 21:00:38,628 - client - ERROR - Client 1: Error sending packet: received 1011 (internal error); then sent 1011 (internal error)
2026-05-26 21:00:38,684 - client - ERROR - Client 1: Error sending packet: received 1011 (internal error); then sent 1011 (internal error)
2026-05-26 21:00:38,743 - client - ERROR - Client 1: Error sending packet: received 1011 (internal error); then sent 1011 (internal error)
2026-05-26 21:00:38,808 - client - ERROR - Client 1: Error sending packet: received 1011 (internal error); then sent 1011 (internal error)
2026-05-26 21:00:38,866 - client - ERROR - Client 1: Error sending packet: received 1011 (internal error); then sent 1011 (internal error)
2026-05-26 21:00:38,950 - client - ERROR - Client 1: Error sending packet: received 1011 (internal error); then sent 1011 (internal error)
2026-05-26 21:00:39,003 - client - ERROR - Client 1: Error sending packet: received 1011 (internal error); then sent 1011 (internal error)
2026-05-26 21:00:39,059 - client - ERROR - Client 1: Error sending packet: received 1011 (internal error); then sent 1011 (internal error)
2026-05-26 21:00:39,118 - client - ERROR - Client 1: Error sending packet: received 1011 (internal error); then sent 1011 (internal error)
2026-05-26 21:00:39,176 - client - ERROR - Client 1: Error sending packet: received 1011 (internal error); then sent 1011 (internal error)
2026-05-26 21:00:39,235 - client - ERROR - Client 1: Error sending packet: received 1011 (internal error); then sent 1011 (internal error)
2026-05-26 21:00:39,293 - client - ERROR - Client 1: Error sending packet: received 1011 (internal error); then sent 1011 (internal error)
2026-05-26 21:00:39,355 - client - ERROR - Client 1: Error sending packet: received 1011 (internal error); then sent 1011 (internal error)
2026-05-26 21:00:39,410 - client - ERROR - Client 1: Error sending packet: received 1011 (internal error); then sent 1011 (internal error)
2026-05-26 21:00:39,468 - client - ERROR - Client 1: Error sending packet: received 1011 (internal error); then sent 1011 (internal error)
2026-05-26 21:00:39,527 - client - ERROR - Client 1: Error sending packet: received 1011 (internal error); then sent 1011 (internal error)
2026-05-26 21:00:39,585 - client - ERROR - Client 1: Error sending packet: received 1011 (internal error); then sent 1011 (internal error)
2026-05-26 21:00:39,643 - client - ERROR - Client 1: Error sending packet: received 1011 (internal error); then sent 1011 (internal error)
2026-05-26 21:00:39,700 - client - ERROR - Client 1: Error sending packet: received 1011 (internal error); then sent 1011 (internal error)
2026-05-26 21:00:39,759 - client - ERROR - Client 1: Error sending packet: received 1011 (internal error); then sent 1011 (internal error)
2026-05-26 21:00:39,828 - client - ERROR - Client 1: Error sending packet: received 1011 (internal error); then sent 1011 (internal error)
2026-05-26 21:00:39,904 - client - ERROR - Client 1: Error sending packet: received 1011 (internal error); then sent 1011 (internal error)
2026-05-26 21:00:39,960 - client - ERROR - Client 1: Error sending packet: received 1011 (internal error); then sent 1011 (internal error)
2026-05-26 21:00:40,016 - client - ERROR - Client 1: Error sending packet: received 1011 (internal error); then sent 1011 (internal error)
2026-05-26 21:00:40,067 - client - ERROR - Client 1: Error sending packet: received 1011 (internal error); then sent 1011 (internal error)
2026-05-26 21:00:40,127 - client - ERROR - Client 1: Error sending packet: received 1011 (internal error); then sent 1011 (internal error)
2026-05-26 21:00:40,186 - client - ERROR - Client 1: Error sending packet: received 1011 (internal error); then sent 1011 (internal error)
2026-05-26 21:00:40,244 - client - ERROR - Client 1: Error sending packet: received 1011 (internal error); then sent 1011 (internal error)
2026-05-26 21:00:40,301 - client - ERROR - Client 1: Error sending packet: received 1011 (internal error); then sent 1011 (internal error)
2026-05-26 21:00:40,359 - client - ERROR - Client 1: Error sending packet: received 1011 (internal error); then sent 1011 (internal error)
2026-05-26 21:00:40,418 - client - ERROR - Client 1: Error sending packet: received 1011 (internal error); then sent 1011 (internal error)
2026-05-26 21:00:40,476 - client - ERROR - Client 1: Error sending packet: received 1011 (internal error); then sent 1011 (internal error)
2026-05-26 21:00:40,528 - client - ERROR - Client 1: Error sending packet: received 1011 (internal error); then sent 1011 (internal error)
2026-05-26 21:00:40,588 - client - ERROR - Client 1: Error sending packet: received 1011 (internal error); then sent 1011 (internal error)
2026-05-26 21:00:40,645 - client - ERROR - Client 1: Error sending packet: received 1011 (internal error); then sent 1011 (internal error)
2026-05-26 21:00:40,702 - client - ERROR - Client 1: Error sending packet: received 1011 (internal error); then sent 1011 (internal error)
2026-05-26 21:00:40,766 - client - ERROR - Client 1: Error sending packet: received 1011 (internal error); then sent 1011 (internal error)
2026-05-26 21:00:40,819 - client - ERROR - Client 1: Error sending packet: received 1011 (internal error); then sent 1011 (internal error)
2026-05-26 21:00:40,876 - client - ERROR - Client 1: Error sending packet: received 1011 (internal error); then sent 1011 (internal error)
2026-05-26 21:00:40,934 - client - ERROR - Client 1: Error sending packet: received 1011 (internal error); then sent 1011 (internal error)
2026-05-26 21:00:40,958 - websockets.server - INFO - server closing
2026-05-26 21:00:40,960 - websockets.server - INFO - server closed
2026-05-26 21:00:40,977 - server - INFO - Starting server on 127.0.0.1:18766
2026-05-26 21:00:40,977 - websockets.server - INFO - server listening on 127.0.0.1:18766
2026-05-26 21:00:40,984 - server - INFO - Server running on ws://127.0.0.1:18766
2026-05-26 21:00:42,005 - websockets.server - INFO - connection open
2026-05-26 21:00:42,005 - websockets.server - ERROR - connection handler failed
Traceback (most recent call last):
  File "C:\Users\Mukta\AppData\Roaming\Python\Python310\site-packages\websockets\asyncio\server.py", line 376, in conn_handler
    await self.handler(connection)
TypeError: AudioServer.start.<locals>.handler() missing 1 required positional argument: 'path'
2026-05-26 21:00:42,010 - websockets.server - INFO - connection open
2026-05-26 21:00:42,010 - websockets.server - ERROR - connection handler failed
Traceback (most recent call last):
  File "C:\Users\Mukta\AppData\Roaming\Python\Python310\site-packages\websockets\asyncio\server.py", line 376, in conn_handler
    await self.handler(connection)
TypeError: AudioServer.start.<locals>.handler() missing 1 required positional argument: 'path'
2026-05-26 21:00:42,010 - websockets.server - INFO - connection open
2026-05-26 21:00:42,010 - websockets.server - ERROR - connection handler failed
Traceback (most recent call last):
  File "C:\Users\Mukta\AppData\Roaming\Python\Python310\site-packages\websockets\asyncio\server.py", line 376, in conn_handler
    await self.handler(connection)
TypeError: AudioServer.start.<locals>.handler() missing 1 required positional argument: 'path'
2026-05-26 21:00:42,016 - client - INFO - Client 2: Connected to ws://127.0.0.1:18766
2026-05-26 21:00:42,016 - client - INFO - Client 1: Connected to ws://127.0.0.1:18766
2026-05-26 21:00:42,025 - client - INFO - Client 3: Connected to ws://127.0.0.1:18766
2026-05-26 21:00:42,025 - client - WARNING - Client 2: Connection closed while receiving ACKs
2026-05-26 21:00:42,030 - client - WARNING - Client 1: Connection closed while receiving ACKs
2026-05-26 21:00:42,030 - client - ERROR - Client 2: Error sending packet: received 1011 (internal error); then sent 1011 (internal error)
2026-05-26 21:00:42,030 - client - ERROR - Client 1: Error sending packet: received 1011 (internal error); then sent 1011 (internal error)
2026-05-26 21:00:42,030 - client - WARNING - Client 3: Connection closed while receiving ACKs
2026-05-26 21:00:42,030 - client - ERROR - Client 3: Error sending packet: received 1011 (internal error); then sent 1011 (internal error)
2026-05-26 21:00:42,076 - client - ERROR - Client 2: Error sending packet: received 1011 (internal error); then sent 1011 (internal error)
2026-05-26 21:00:42,078 - client - ERROR - Client 1: Error sending packet: received 1011 (internal error); then sent 1011 (internal error)
2026-05-26 21:00:42,099 - client - ERROR - Client 3: Error sending packet: received 1011 (internal error); then sent 1011 (internal error)
2026-05-26 21:00:42,127 - client - ERROR - Client 2: Error sending packet: received 1011 (internal error); then sent 1011 (internal error)
2026-05-26 21:00:42,129 - client - ERROR - Client 1: Error sending packet: received 1011 (internal error); then sent 1011 (internal error)
2026-05-26 21:00:42,150 - client - ERROR - Client 3: Error sending packet: received 1011 (internal error); then sent 1011 (internal error)
2026-05-26 21:00:42,193 - client - ERROR - Client 2: Error sending packet: received 1011 (internal error); then sent 1011 (internal error)
2026-05-26 21:00:42,196 - client - ERROR - Client 1: Error sending packet: received 1011 (internal error); then sent 1011 (internal error)
2026-05-26 21:00:42,196 - client - ERROR - Client 3: Error sending packet: received 1011 (internal error); then sent 1011 (internal error)
2026-05-26 21:00:42,250 - client - ERROR - Client 2: Error sending packet: received 1011 (internal error); then sent 1011 (internal error)
2026-05-26 21:00:42,253 - client - ERROR - Client 1: Error sending packet: received 1011 (internal error); then sent 1011 (internal error)
2026-05-26 21:00:42,253 - client - ERROR - Client 3: Error sending packet: received 1011 (internal error); then sent 1011 (internal error)
2026-05-26 21:00:42,309 - client - ERROR - Client 2: Error sending packet: received 1011 (internal error); then sent 1011 (internal error)
2026-05-26 21:00:42,309 - client - ERROR - Client 1: Error sending packet: received 1011 (internal error); then sent 1011 (internal error)
2026-05-26 21:00:42,309 - client - ERROR - Client 3: Error sending packet: received 1011 (internal error); then sent 1011 (internal error)
2026-05-26 21:00:42,368 - client - ERROR - Client 2: Error sending packet: received 1011 (internal error); then sent 1011 (internal error)
2026-05-26 21:00:42,368 - client - ERROR - Client 1: Error sending packet: received 1011 (internal error); then sent 1011 (internal error)
2026-05-26 21:00:42,368 - client - ERROR - Client 3: Error sending packet: received 1011 (internal error); then sent 1011 (internal error)
2026-05-26 21:00:42,427 - client - ERROR - Client 2: Error sending packet: received 1011 (internal error); then sent 1011 (internal error)
2026-05-26 21:00:42,430 - client - ERROR - Client 1: Error sending packet: received 1011 (internal error); then sent 1011 (internal error)
2026-05-26 21:00:42,430 - client - ERROR - Client 3: Error sending packet: received 1011 (internal error); then sent 1011 (internal error)
2026-05-26 21:00:42,485 - client - ERROR - Client 2: Error sending packet: received 1011 (internal error); then sent 1011 (internal error)
2026-05-26 21:00:42,485 - client - ERROR - Client 1: Error sending packet: received 1011 (internal error); then sent 1011 (internal error)
2026-05-26 21:00:42,485 - client - ERROR - Client 3: Error sending packet: received 1011 (internal error); then sent 1011 (internal error)
2026-05-26 21:00:42,543 - client - ERROR - Client 2: Error sending packet: received 1011 (internal error); then sent 1011 (internal error)
2026-05-26 21:00:42,543 - client - ERROR - Client 3: Error sending packet: received 1011 (internal error); then sent 1011 (internal error)
2026-05-26 21:00:42,543 - client - ERROR - Client 1: Error sending packet: received 1011 (internal error); then sent 1011 (internal error)
2026-05-26 21:00:42,601 - client - ERROR - Client 2: Error sending packet: received 1011 (internal error); then sent 1011 (internal error)
2026-05-26 21:00:42,601 - client - ERROR - Client 3: Error sending packet: received 1011 (internal error); then sent 1011 (internal error)
2026-05-26 21:00:42,601 - client - ERROR - Client 1: Error sending packet: received 1011 (internal error); then sent 1011 (internal error)
2026-05-26 21:00:42,662 - client - ERROR - Client 2: Error sending packet: received 1011 (internal error); then sent 1011 (internal error)
2026-05-26 21:00:42,662 - client - ERROR - Client 3: Error sending packet: received 1011 (internal error); then sent 1011 (internal error)
2026-05-26 21:00:42,666 - client - ERROR - Client 1: Error sending packet: received 1011 (internal error); then sent 1011 (internal error)
2026-05-26 21:00:42,726 - client - ERROR - Client 2: Error sending packet: received 1011 (internal error); then sent 1011 (internal error)
2026-05-26 21:00:42,730 - client - ERROR - Client 3: Error sending packet: received 1011 (internal error); then sent 1011 (internal error)
2026-05-26 21:00:42,730 - client - ERROR - Client 1: Error sending packet: received 1011 (internal error); then sent 1011 (internal error)
2026-05-26 21:00:42,784 - client - ERROR - Client 2: Error sending packet: received 1011 (internal error); then sent 1011 (internal error)
2026-05-26 21:00:42,784 - client - ERROR - Client 3: Error sending packet: received 1011 (internal error); then sent 1011 (internal error)
2026-05-26 21:00:42,784 - client - ERROR - Client 1: Error sending packet: received 1011 (internal error); then sent 1011 (internal error)
2026-05-26 21:00:42,849 - client - ERROR - Client 2: Error sending packet: received 1011 (internal error); then sent 1011 (internal error)
2026-05-26 21:00:42,853 - client - ERROR - Client 3: Error sending packet: received 1011 (internal error); then sent 1011 (internal error)
2026-05-26 21:00:42,855 - client - ERROR - Client 1: Error sending packet: received 1011 (internal error); then sent 1011 (internal error)
2026-05-26 21:00:42,908 - client - ERROR - Client 2: Error sending packet: received 1011 (internal error); then sent 1011 (internal error)
2026-05-26 21:00:42,908 - client - ERROR - Client 3: Error sending packet: received 1011 (internal error); then sent 1011 (internal error)
2026-05-26 21:00:42,908 - client - ERROR - Client 1: Error sending packet: received 1011 (internal error); then sent 1011 (internal error)
2026-05-26 21:00:42,971 - client - ERROR - Client 2: Error sending packet: received 1011 (internal error); then sent 1011 (internal error)
2026-05-26 21:00:42,977 - client - ERROR - Client 3: Error sending packet: received 1011 (internal error); then sent 1011 (internal error)
2026-05-26 21:00:42,979 - client - ERROR - Client 1: Error sending packet: received 1011 (internal error); then sent 1011 (internal error)
2026-05-26 21:00:43,035 - client - ERROR - Client 2: Error sending packet: received 1011 (internal error); then sent 1011 (internal error)
2026-05-26 21:00:43,039 - client - ERROR - Client 3: Error sending packet: received 1011 (internal error); then sent 1011 (internal error)
2026-05-26 21:00:43,041 - client - ERROR - Client 1: Error sending packet: received 1011 (internal error); then sent 1011 (internal error)
2026-05-26 21:00:43,101 - client - ERROR - Client 2: Error sending packet: received 1011 (internal error); then sent 1011 (internal error)
2026-05-26 21:00:43,101 - client - ERROR - Client 3: Error sending packet: received 1011 (internal error); then sent 1011 (internal error)
2026-05-26 21:00:43,110 - client - ERROR - Client 1: Error sending packet: received 1011 (internal error); then sent 1011 (internal error)
2026-05-26 21:00:43,152 - client - ERROR - Client 2: Error sending packet: received 1011 (internal error); then sent 1011 (internal error)
2026-05-26 21:00:43,154 - client - ERROR - Client 3: Error sending packet: received 1011 (internal error); then sent 1011 (internal error)
2026-05-26 21:00:43,176 - client - ERROR - Client 1: Error sending packet: received 1011 (internal error); then sent 1011 (internal error)
2026-05-26 21:00:43,202 - client - ERROR - Client 2: Error sending packet: received 1011 (internal error); then sent 1011 (internal error)
2026-05-26 21:00:43,202 - client - ERROR - Client 3: Error sending packet: received 1011 (internal error); then sent 1011 (internal error)
2026-05-26 21:00:43,250 - client - ERROR - Client 1: Error sending packet: received 1011 (internal error); then sent 1011 (internal error)
2026-05-26 21:00:43,250 - client - ERROR - Client 2: Error sending packet: received 1011 (internal error); then sent 1011 (internal error)
2026-05-26 21:00:43,254 - client - ERROR - Client 3: Error sending packet: received 1011 (internal error); then sent 1011 (internal error)
2026-05-26 21:00:43,311 - client - ERROR - Client 1: Error sending packet: received 1011 (internal error); then sent 1011 (internal error)
2026-05-26 21:00:43,311 - client - ERROR - Client 2: Error sending packet: received 1011 (internal error); then sent 1011 (internal error)
2026-05-26 21:00:43,311 - client - ERROR - Client 3: Error sending packet: received 1011 (internal error); then sent 1011 (internal error)
2026-05-26 21:00:43,368 - client - ERROR - Client 1: Error sending packet: received 1011 (internal error); then sent 1011 (internal error)
2026-05-26 21:00:43,368 - client - ERROR - Client 2: Error sending packet: received 1011 (internal error); then sent 1011 (internal error)
2026-05-26 21:00:43,368 - client - ERROR - Client 3: Error sending packet: received 1011 (internal error); then sent 1011 (internal error)
2026-05-26 21:00:43,426 - client - ERROR - Client 1: Error sending packet: received 1011 (internal error); then sent 1011 (internal error)
2026-05-26 21:00:43,426 - client - ERROR - Client 2: Error sending packet: received 1011 (internal error); then sent 1011 (internal error)
2026-05-26 21:00:43,426 - client - ERROR - Client 3: Error sending packet: received 1011 (internal error); then sent 1011 (internal error)
2026-05-26 21:00:43,484 - client - ERROR - Client 1: Error sending packet: received 1011 (internal error); then sent 1011 (internal error)
2026-05-26 21:00:43,484 - client - ERROR - Client 3: Error sending packet: received 1011 (internal error); then sent 1011 (internal error)
2026-05-26 21:00:43,484 - client - ERROR - Client 2: Error sending packet: received 1011 (internal error); then sent 1011 (internal error)
2026-05-26 21:00:43,550 - client - ERROR - Client 1: Error sending packet: received 1011 (internal error); then sent 1011 (internal error)
2026-05-26 21:00:43,553 - client - ERROR - Client 3: Error sending packet: received 1011 (internal error); then sent 1011 (internal error)
2026-05-26 21:00:43,555 - client - ERROR - Client 2: Error sending packet: received 1011 (internal error); then sent 1011 (internal error)
2026-05-26 21:00:43,611 - client - ERROR - Client 3: Error sending packet: received 1011 (internal error); then sent 1011 (internal error)
2026-05-26 21:00:43,613 - client - ERROR - Client 1: Error sending packet: received 1011 (internal error); then sent 1011 (internal error)
2026-05-26 21:00:43,615 - client - ERROR - Client 2: Error sending packet: received 1011 (internal error); then sent 1011 (internal error)
2026-05-26 21:00:43,676 - client - ERROR - Client 3: Error sending packet: received 1011 (internal error); then sent 1011 (internal error)
2026-05-26 21:00:43,676 - client - ERROR - Client 1: Error sending packet: received 1011 (internal error); then sent 1011 (internal error)
2026-05-26 21:00:43,676 - client - ERROR - Client 2: Error sending packet: received 1011 (internal error); then sent 1011 (internal error)
2026-05-26 21:00:43,735 - client - ERROR - Client 3: Error sending packet: received 1011 (internal error); then sent 1011 (internal error)
2026-05-26 21:00:43,735 - client - ERROR - Client 1: Error sending packet: received 1011 (internal error); then sent 1011 (internal error)
2026-05-26 21:00:43,735 - client - ERROR - Client 2: Error sending packet: received 1011 (internal error); then sent 1011 (internal error)
2026-05-26 21:00:43,793 - client - ERROR - Client 3: Error sending packet: received 1011 (internal error); then sent 1011 (internal error)
2026-05-26 21:00:43,793 - client - ERROR - Client 1: Error sending packet: received 1011 (internal error); then sent 1011 (internal error)
2026-05-26 21:00:43,793 - client - ERROR - Client 2: Error sending packet: received 1011 (internal error); then sent 1011 (internal error)
2026-05-26 21:00:43,853 - client - ERROR - Client 3: Error sending packet: received 1011 (internal error); then sent 1011 (internal error)
2026-05-26 21:00:43,856 - client - ERROR - Client 1: Error sending packet: received 1011 (internal error); then sent 1011 (internal error)
2026-05-26 21:00:43,888 - client - ERROR - Client 2: Error sending packet: received 1011 (internal error); then sent 1011 (internal error)
2026-05-26 21:00:43,905 - client - ERROR - Client 3: Error sending packet: received 1011 (internal error); then sent 1011 (internal error)
2026-05-26 21:00:43,954 - client - ERROR - Client 1: Error sending packet: received 1011 (internal error); then sent 1011 (internal error)
2026-05-26 21:00:43,958 - client - ERROR - Client 2: Error sending packet: received 1011 (internal error); then sent 1011 (internal error)
2026-05-26 21:00:43,960 - client - ERROR - Client 3: Error sending packet: received 1011 (internal error); then sent 1011 (internal error)
2026-05-26 21:00:44,025 - client - ERROR - Client 1: Error sending packet: received 1011 (internal error); then sent 1011 (internal error)
2026-05-26 21:00:44,025 - client - ERROR - Client 3: Error sending packet: received 1011 (internal error); then sent 1011 (internal error)
2026-05-26 21:00:44,025 - client - ERROR - Client 2: Error sending packet: received 1011 (internal error); then sent 1011 (internal error)
2026-05-26 21:00:44,083 - client - ERROR - Client 1: Error sending packet: received 1011 (internal error); then sent 1011 (internal error)
2026-05-26 21:00:44,083 - client - ERROR - Client 3: Error sending packet: received 1011 (internal error); then sent 1011 (internal error)
2026-05-26 21:00:44,083 - client - ERROR - Client 2: Error sending packet: received 1011 (internal error); then sent 1011 (internal error)
2026-05-26 21:00:44,150 - client - ERROR - Client 1: Error sending packet: received 1011 (internal error); then sent 1011 (internal error)
2026-05-26 21:00:44,150 - client - ERROR - Client 3: Error sending packet: received 1011 (internal error); then sent 1011 (internal error)
2026-05-26 21:00:44,150 - client - ERROR - Client 2: Error sending packet: received 1011 (internal error); then sent 1011 (internal error)
2026-05-26 21:00:44,216 - client - ERROR - Client 1: Error sending packet: received 1011 (internal error); then sent 1011 (internal error)
2026-05-26 21:00:44,216 - client - ERROR - Client 3: Error sending packet: received 1011 (internal error); then sent 1011 (internal error)
2026-05-26 21:00:44,216 - client - ERROR - Client 2: Error sending packet: received 1011 (internal error); then sent 1011 (internal error)
2026-05-26 21:00:44,276 - client - ERROR - Client 1: Error sending packet: received 1011 (internal error); then sent 1011 (internal error)
2026-05-26 21:00:44,278 - client - ERROR - Client 3: Error sending packet: received 1011 (internal error); then sent 1011 (internal error)
2026-05-26 21:00:44,283 - client - ERROR - Client 2: Error sending packet: received 1011 (internal error); then sent 1011 (internal error)
2026-05-26 21:00:44,326 - client - ERROR - Client 1: Error sending packet: received 1011 (internal error); then sent 1011 (internal error)
2026-05-26 21:00:44,326 - client - ERROR - Client 3: Error sending packet: received 1011 (internal error); then sent 1011 (internal error)
2026-05-26 21:00:44,359 - client - ERROR - Client 2: Error sending packet: received 1011 (internal error); then sent 1011 (internal error)
2026-05-26 21:00:44,384 - client - ERROR - Client 1: Error sending packet: received 1011 (internal error); then sent 1011 (internal error)
2026-05-26 21:00:44,384 - client - ERROR - Client 3: Error sending packet: received 1011 (internal error); then sent 1011 (internal error)
2026-05-26 21:00:44,410 - client - ERROR - Client 2: Error sending packet: received 1011 (internal error); then sent 1011 (internal error)
2026-05-26 21:00:44,442 - client - ERROR - Client 1: Error sending packet: received 1011 (internal error); then sent 1011 (internal error)
2026-05-26 21:00:44,442 - client - ERROR - Client 3: Error sending packet: received 1011 (internal error); then sent 1011 (internal error)
2026-05-26 21:00:44,466 - client - ERROR - Client 2: Error sending packet: received 1011 (internal error); then sent 1011 (internal error)
2026-05-26 21:00:44,510 - client - ERROR - Client 1: Error sending packet: received 1011 (internal error); then sent 1011 (internal error)
2026-05-26 21:00:44,510 - client - ERROR - Client 3: Error sending packet: received 1011 (internal error); then sent 1011 (internal error)
2026-05-26 21:00:44,510 - client - ERROR - Client 2: Error sending packet: received 1011 (internal error); then sent 1011 (internal error)
2026-05-26 21:00:44,566 - client - ERROR - Client 1: Error sending packet: received 1011 (internal error); then sent 1011 (internal error)
2026-05-26 21:00:44,566 - client - ERROR - Client 3: Error sending packet: received 1011 (internal error); then sent 1011 (internal error)
2026-05-26 21:00:44,566 - client - ERROR - Client 2: Error sending packet: received 1011 (internal error); then sent 1011 (internal error)
2026-05-26 21:00:44,626 - client - ERROR - Client 1: Error sending packet: received 1011 (internal error); then sent 1011 (internal error)
2026-05-26 21:00:44,628 - client - ERROR - Client 3: Error sending packet: received 1011 (internal error); then sent 1011 (internal error)
2026-05-26 21:00:44,630 - client - ERROR - Client 2: Error sending packet: received 1011 (internal error); then sent 1011 (internal error)
2026-05-26 21:00:44,684 - client - ERROR - Client 1: Error sending packet: received 1011 (internal error); then sent 1011 (internal error)
2026-05-26 21:00:44,684 - client - ERROR - Client 3: Error sending packet: received 1011 (internal error); then sent 1011 (internal error)
2026-05-26 21:00:44,684 - client - ERROR - Client 2: Error sending packet: received 1011 (internal error); then sent 1011 (internal error)
2026-05-26 21:00:44,743 - client - ERROR - Client 1: Error sending packet: received 1011 (internal error); then sent 1011 (internal error)
2026-05-26 21:00:44,743 - client - ERROR - Client 3: Error sending packet: received 1011 (internal error); then sent 1011 (internal error)
2026-05-26 21:00:44,743 - client - ERROR - Client 2: Error sending packet: received 1011 (internal error); then sent 1011 (internal error)
2026-05-26 21:00:44,796 - client - ERROR - Client 1: Error sending packet: received 1011 (internal error); then sent 1011 (internal error)
2026-05-26 21:00:44,800 - client - ERROR - Client 3: Error sending packet: received 1011 (internal error); then sent 1011 (internal error)
2026-05-26 21:00:44,801 - client - ERROR - Client 2: Error sending packet: received 1011 (internal error); then sent 1011 (internal error)
2026-05-26 21:00:44,840 - client - ERROR - Client 1: Error sending packet: received 1011 (internal error); then sent 1011 (internal error)
2026-05-26 21:00:44,875 - client - ERROR - Client 3: Error sending packet: received 1011 (internal error); then sent 1011 (internal error)
2026-05-26 21:00:44,878 - client - ERROR - Client 2: Error sending packet: received 1011 (internal error); then sent 1011 (internal error)
2026-05-26 21:00:44,885 - client - ERROR - Client 1: Error sending packet: received 1011 (internal error); then sent 1011 (internal error)
2026-05-26 21:00:44,928 - client - ERROR - Client 3: Error sending packet: received 1011 (internal error); then sent 1011 (internal error)
2026-05-26 21:00:44,933 - client - ERROR - Client 2: Error sending packet: received 1011 (internal error); then sent 1011 (internal error)
2026-05-26 21:00:44,935 - client - ERROR - Client 1: Error sending packet: received 1011 (internal error); then sent 1011 (internal error)
2026-05-26 21:00:44,991 - client - ERROR - Client 3: Error sending packet: received 1011 (internal error); then sent 1011 (internal error)
2026-05-26 21:00:44,993 - client - ERROR - Client 2: Error sending packet: received 1011 (internal error); then sent 1011 (internal error)
2026-05-26 21:00:44,993 - client - ERROR - Client 1: Error sending packet: received 1011 (internal error); then sent 1011 (internal error)
2026-05-26 21:00:45,059 - client - ERROR - Client 3: Error sending packet: received 1011 (internal error); then sent 1011 (internal error)
2026-05-26 21:00:45,059 - client - ERROR - Client 2: Error sending packet: received 1011 (internal error); then sent 1011 (internal error)
2026-05-26 21:00:45,059 - client - ERROR - Client 1: Error sending packet: received 1011 (internal error); then sent 1011 (internal error)
2026-05-26 21:00:45,120 - client - ERROR - Client 3: Error sending packet: received 1011 (internal error); then sent 1011 (internal error)
2026-05-26 21:00:45,120 - client - ERROR - Client 2: Error sending packet: received 1011 (internal error); then sent 1011 (internal error)
2026-05-26 21:00:45,120 - client - ERROR - Client 1: Error sending packet: received 1011 (internal error); then sent 1011 (internal error)
2026-05-26 21:00:45,184 - client - ERROR - Client 3: Error sending packet: received 1011 (internal error); then sent 1011 (internal error)
2026-05-26 21:00:45,189 - client - ERROR - Client 2: Error sending packet: received 1011 (internal error); then sent 1011 (internal error)
2026-05-26 21:00:45,189 - client - ERROR - Client 1: Error sending packet: received 1011 (internal error); then sent 1011 (internal error)
2026-05-26 21:00:45,233 - client - ERROR - Client 3: Error sending packet: received 1011 (internal error); then sent 1011 (internal error)
2026-05-26 21:00:45,263 - client - ERROR - Client 2: Error sending packet: received 1011 (internal error); then sent 1011 (internal error)
2026-05-26 21:00:45,267 - client - ERROR - Client 1: Error sending packet: received 1011 (internal error); then sent 1011 (internal error)
2026-05-26 21:00:45,278 - client - ERROR - Client 3: Error sending packet: received 1011 (internal error); then sent 1011 (internal error)
2026-05-26 21:00:45,317 - client - ERROR - Client 2: Error sending packet: received 1011 (internal error); then sent 1011 (internal error)
2026-05-26 21:00:45,320 - client - ERROR - Client 1: Error sending packet: received 1011 (internal error); then sent 1011 (internal error)
2026-05-26 21:00:45,320 - client - ERROR - Client 3: Error sending packet: received 1011 (internal error); then sent 1011 (internal error)
2026-05-26 21:00:45,377 - client - ERROR - Client 2: Error sending packet: received 1011 (internal error); then sent 1011 (internal error)
2026-05-26 21:00:45,377 - client - ERROR - Client 1: Error sending packet: received 1011 (internal error); then sent 1011 (internal error)
2026-05-26 21:00:45,377 - client - ERROR - Client 3: Error sending packet: received 1011 (internal error); then sent 1011 (internal error)
2026-05-26 21:00:45,444 - client - ERROR - Client 2: Error sending packet: received 1011 (internal error); then sent 1011 (internal error)
2026-05-26 21:00:45,444 - client - ERROR - Client 1: Error sending packet: received 1011 (internal error); then sent 1011 (internal error)
2026-05-26 21:00:45,450 - client - ERROR - Client 3: Error sending packet: received 1011 (internal error); then sent 1011 (internal error)
2026-05-26 21:00:45,511 - client - ERROR - Client 2: Error sending packet: received 1011 (internal error); then sent 1011 (internal error)
2026-05-26 21:00:45,511 - client - ERROR - Client 1: Error sending packet: received 1011 (internal error); then sent 1011 (internal error)
2026-05-26 21:00:45,511 - client - ERROR - Client 3: Error sending packet: received 1011 (internal error); then sent 1011 (internal error)
2026-05-26 21:00:45,569 - client - ERROR - Client 1: Error sending packet: received 1011 (internal error); then sent 1011 (internal error)
2026-05-26 21:00:45,572 - client - ERROR - Client 2: Error sending packet: received 1011 (internal error); then sent 1011 (internal error)
2026-05-26 21:00:45,578 - client - ERROR - Client 3: Error sending packet: received 1011 (internal error); then sent 1011 (internal error)
2026-05-26 21:00:45,635 - client - ERROR - Client 1: Error sending packet: received 1011 (internal error); then sent 1011 (internal error)
2026-05-26 21:00:45,635 - client - ERROR - Client 2: Error sending packet: received 1011 (internal error); then sent 1011 (internal error)
2026-05-26 21:00:45,638 - client - ERROR - Client 3: Error sending packet: received 1011 (internal error); then sent 1011 (internal error)
2026-05-26 21:00:45,694 - client - ERROR - Client 1: Error sending packet: received 1011 (internal error); then sent 1011 (internal error)
2026-05-26 21:00:45,696 - client - ERROR - Client 2: Error sending packet: received 1011 (internal error); then sent 1011 (internal error)
2026-05-26 21:00:45,696 - client - ERROR - Client 3: Error sending packet: received 1011 (internal error); then sent 1011 (internal error)
2026-05-26 21:00:45,752 - client - ERROR - Client 1: Error sending packet: received 1011 (internal error); then sent 1011 (internal error)
2026-05-26 21:00:45,752 - client - ERROR - Client 2: Error sending packet: received 1011 (internal error); then sent 1011 (internal error)
2026-05-26 21:00:45,752 - client - ERROR - Client 3: Error sending packet: received 1011 (internal error); then sent 1011 (internal error)
2026-05-26 21:00:45,812 - client - ERROR - Client 1: Error sending packet: received 1011 (internal error); then sent 1011 (internal error)
2026-05-26 21:00:45,815 - client - ERROR - Client 2: Error sending packet: received 1011 (internal error); then sent 1011 (internal error)
2026-05-26 21:00:45,819 - client - ERROR - Client 3: Error sending packet: received 1011 (internal error); then sent 1011 (internal error)
2026-05-26 21:00:45,858 - client - ERROR - Client 1: Error sending packet: received 1011 (internal error); then sent 1011 (internal error)
2026-05-26 21:00:45,893 - client - ERROR - Client 2: Error sending packet: received 1011 (internal error); then sent 1011 (internal error)
2026-05-26 21:00:45,893 - client - ERROR - Client 3: Error sending packet: received 1011 (internal error); then sent 1011 (internal error)
2026-05-26 21:00:45,902 - client - ERROR - Client 1: Error sending packet: received 1011 (internal error); then sent 1011 (internal error)
2026-05-26 21:00:45,962 - client - ERROR - Client 2: Error sending packet: received 1011 (internal error); then sent 1011 (internal error)
2026-05-26 21:00:45,962 - client - ERROR - Client 1: Error sending packet: received 1011 (internal error); then sent 1011 (internal error)
2026-05-26 21:00:45,967 - client - ERROR - Client 3: Error sending packet: received 1011 (internal error); then sent 1011 (internal error)
2026-05-26 21:00:46,036 - client - ERROR - Client 2: Error sending packet: received 1011 (internal error); then sent 1011 (internal error)
2026-05-26 21:00:46,038 - client - ERROR - Client 1: Error sending packet: received 1011 (internal error); then sent 1011 (internal error)
2026-05-26 21:00:46,044 - client - ERROR - Client 3: Error sending packet: received 1011 (internal error); then sent 1011 (internal error)
2026-05-26 21:00:46,108 - client - ERROR - Client 2: Error sending packet: received 1011 (internal error); then sent 1011 (internal error)
2026-05-26 21:00:46,109 - client - ERROR - Client 1: Error sending packet: received 1011 (internal error); then sent 1011 (internal error)
2026-05-26 21:00:46,109 - client - ERROR - Client 3: Error sending packet: received 1011 (internal error); then sent 1011 (internal error)
2026-05-26 21:00:46,167 - client - ERROR - Client 2: Error sending packet: received 1011 (internal error); then sent 1011 (internal error)
2026-05-26 21:00:46,171 - client - ERROR - Client 1: Error sending packet: received 1011 (internal error); then sent 1011 (internal error)
2026-05-26 21:00:46,171 - client - ERROR - Client 3: Error sending packet: received 1011 (internal error); then sent 1011 (internal error)
2026-05-26 21:00:46,227 - client - ERROR - Client 2: Error sending packet: received 1011 (internal error); then sent 1011 (internal error)
2026-05-26 21:00:46,227 - client - ERROR - Client 1: Error sending packet: received 1011 (internal error); then sent 1011 (internal error)
2026-05-26 21:00:46,234 - client - ERROR - Client 3: Error sending packet: received 1011 (internal error); then sent 1011 (internal error)
2026-05-26 21:00:46,306 - client - ERROR - Client 2: Error sending packet: received 1011 (internal error); then sent 1011 (internal error)
2026-05-26 21:00:46,314 - client - ERROR - Client 1: Error sending packet: received 1011 (internal error); then sent 1011 (internal error)
2026-05-26 21:00:46,322 - client - ERROR - Client 3: Error sending packet: received 1011 (internal error); then sent 1011 (internal error)
2026-05-26 21:00:46,361 - client - ERROR - Client 2: Error sending packet: received 1011 (internal error); then sent 1011 (internal error)
2026-05-26 21:00:46,381 - client - ERROR - Client 1: Error sending packet: received 1011 (internal error); then sent 1011 (internal error)
2026-05-26 21:00:46,386 - client - ERROR - Client 3: Error sending packet: received 1011 (internal error); then sent 1011 (internal error)
2026-05-26 21:00:46,426 - client - ERROR - Client 2: Error sending packet: received 1011 (internal error); then sent 1011 (internal error)
2026-05-26 21:00:46,426 - client - ERROR - Client 1: Error sending packet: received 1011 (internal error); then sent 1011 (internal error)
2026-05-26 21:00:46,426 - client - ERROR - Client 3: Error sending packet: received 1011 (internal error); then sent 1011 (internal error)
2026-05-26 21:00:46,492 - client - ERROR - Client 2: Error sending packet: received 1011 (internal error); then sent 1011 (internal error)
2026-05-26 21:00:46,492 - client - ERROR - Client 3: Error sending packet: received 1011 (internal error); then sent 1011 (internal error)
2026-05-26 21:00:46,500 - client - ERROR - Client 1: Error sending packet: received 1011 (internal error); then sent 1011 (internal error)
2026-05-26 21:00:46,567 - client - ERROR - Client 2: Error sending packet: received 1011 (internal error); then sent 1011 (internal error)
2026-05-26 21:00:46,567 - client - ERROR - Client 3: Error sending packet: received 1011 (internal error); then sent 1011 (internal error)
2026-05-26 21:00:46,567 - client - ERROR - Client 1: Error sending packet: received 1011 (internal error); then sent 1011 (internal error)
2026-05-26 21:00:46,625 - client - ERROR - Client 2: Error sending packet: received 1011 (internal error); then sent 1011 (internal error)
2026-05-26 21:00:46,629 - client - ERROR - Client 3: Error sending packet: received 1011 (internal error); then sent 1011 (internal error)
2026-05-26 21:00:46,633 - client - ERROR - Client 1: Error sending packet: received 1011 (internal error); then sent 1011 (internal error)
2026-05-26 21:00:46,675 - client - ERROR - Client 2: Error sending packet: received 1011 (internal error); then sent 1011 (internal error)
2026-05-26 21:00:46,684 - client - ERROR - Client 3: Error sending packet: received 1011 (internal error); then sent 1011 (internal error)
2026-05-26 21:00:46,684 - client - ERROR - Client 1: Error sending packet: received 1011 (internal error); then sent 1011 (internal error)
2026-05-26 21:00:46,742 - client - ERROR - Client 2: Error sending packet: received 1011 (internal error); then sent 1011 (internal error)
2026-05-26 21:00:46,742 - client - ERROR - Client 3: Error sending packet: received 1011 (internal error); then sent 1011 (internal error)
2026-05-26 21:00:46,742 - client - ERROR - Client 1: Error sending packet: received 1011 (internal error); then sent 1011 (internal error)
2026-05-26 21:00:46,799 - client - ERROR - Client 2: Error sending packet: received 1011 (internal error); then sent 1011 (internal error)
2026-05-26 21:00:46,800 - client - ERROR - Client 3: Error sending packet: received 1011 (internal error); then sent 1011 (internal error)
2026-05-26 21:00:46,800 - client - ERROR - Client 1: Error sending packet: received 1011 (internal error); then sent 1011 (internal error)
2026-05-26 21:00:46,858 - client - ERROR - Client 2: Error sending packet: received 1011 (internal error); then sent 1011 (internal error)
2026-05-26 21:00:46,858 - client - ERROR - Client 3: Error sending packet: received 1011 (internal error); then sent 1011 (internal error)
2026-05-26 21:00:46,858 - client - ERROR - Client 1: Error sending packet: received 1011 (internal error); then sent 1011 (internal error)
2026-05-26 21:00:46,927 - client - ERROR - Client 2: Error sending packet: received 1011 (internal error); then sent 1011 (internal error)
2026-05-26 21:00:46,927 - client - ERROR - Client 3: Error sending packet: received 1011 (internal error); then sent 1011 (internal error)
2026-05-26 21:00:46,927 - client - ERROR - Client 1: Error sending packet: received 1011 (internal error); then sent 1011 (internal error)
2026-05-26 21:00:46,983 - client - ERROR - Client 2: Error sending packet: received 1011 (internal error); then sent 1011 (internal error)
2026-05-26 21:00:46,985 - client - ERROR - Client 3: Error sending packet: received 1011 (internal error); then sent 1011 (internal error)
2026-05-26 21:00:46,985 - client - ERROR - Client 1: Error sending packet: received 1011 (internal error); then sent 1011 (internal error)
2026-05-26 21:00:47,043 - client - ERROR - Client 2: Error sending packet: received 1011 (internal error); then sent 1011 (internal error)
2026-05-26 21:00:47,046 - client - ERROR - Client 3: Error sending packet: received 1011 (internal error); then sent 1011 (internal error)
2026-05-26 21:00:47,046 - client - ERROR - Client 1: Error sending packet: received 1011 (internal error); then sent 1011 (internal error)
2026-05-26 21:00:47,102 - client - ERROR - Client 2: Error sending packet: received 1011 (internal error); then sent 1011 (internal error)
2026-05-26 21:00:47,102 - client - ERROR - Client 3: Error sending packet: received 1011 (internal error); then sent 1011 (internal error)
2026-05-26 21:00:47,102 - client - ERROR - Client 1: Error sending packet: received 1011 (internal error); then sent 1011 (internal error)
2026-05-26 21:00:47,159 - client - ERROR - Client 2: Error sending packet: received 1011 (internal error); then sent 1011 (internal error)
2026-05-26 21:00:47,159 - client - ERROR - Client 3: Error sending packet: received 1011 (internal error); then sent 1011 (internal error)
2026-05-26 21:00:47,159 - client - ERROR - Client 1: Error sending packet: received 1011 (internal error); then sent 1011 (internal error)
2026-05-26 21:00:47,217 - client - ERROR - Client 2: Error sending packet: received 1011 (internal error); then sent 1011 (internal error)
2026-05-26 21:00:47,218 - client - ERROR - Client 3: Error sending packet: received 1011 (internal error); then sent 1011 (internal error)
2026-05-26 21:00:47,221 - client - ERROR - Client 1: Error sending packet: received 1011 (internal error); then sent 1011 (internal error)
2026-05-26 21:00:47,262 - client - ERROR - Client 2: Error sending packet: received 1011 (internal error); then sent 1011 (internal error)
2026-05-26 21:00:47,284 - client - ERROR - Client 3: Error sending packet: received 1011 (internal error); then sent 1011 (internal error)
2026-05-26 21:00:47,284 - client - ERROR - Client 1: Error sending packet: received 1011 (internal error); then sent 1011 (internal error)
2026-05-26 21:00:47,308 - client - ERROR - Client 2: Error sending packet: received 1011 (internal error); then sent 1011 (internal error)
2026-05-26 21:00:47,351 - client - ERROR - Client 3: Error sending packet: received 1011 (internal error); then sent 1011 (internal error)
2026-05-26 21:00:47,351 - client - ERROR - Client 1: Error sending packet: received 1011 (internal error); then sent 1011 (internal error)
2026-05-26 21:00:47,356 - client - ERROR - Client 2: Error sending packet: received 1011 (internal error); then sent 1011 (internal error)
2026-05-26 21:00:47,408 - client - ERROR - Client 3: Error sending packet: received 1011 (internal error); then sent 1011 (internal error)
2026-05-26 21:00:47,408 - client - ERROR - Client 1: Error sending packet: received 1011 (internal error); then sent 1011 (internal error)
2026-05-26 21:00:47,408 - client - ERROR - Client 2: Error sending packet: received 1011 (internal error); then sent 1011 (internal error)
2026-05-26 21:00:47,470 - client - ERROR - Client 3: Error sending packet: received 1011 (internal error); then sent 1011 (internal error)
2026-05-26 21:00:47,470 - client - ERROR - Client 2: Error sending packet: received 1011 (internal error); then sent 1011 (internal error)
2026-05-26 21:00:47,475 - client - ERROR - Client 1: Error sending packet: received 1011 (internal error); then sent 1011 (internal error)
2026-05-26 21:00:47,535 - client - ERROR - Client 3: Error sending packet: received 1011 (internal error); then sent 1011 (internal error)
2026-05-26 21:00:47,539 - client - ERROR - Client 2: Error sending packet: received 1011 (internal error); then sent 1011 (internal error)
2026-05-26 21:00:47,543 - client - ERROR - Client 1: Error sending packet: received 1011 (internal error); then sent 1011 (internal error)
2026-05-26 21:00:47,601 - client - ERROR - Client 1: Error sending packet: received 1011 (internal error); then sent 1011 (internal error)
2026-05-26 21:00:47,601 - client - ERROR - Client 3: Error sending packet: received 1011 (internal error); then sent 1011 (internal error)
2026-05-26 21:00:47,601 - client - ERROR - Client 2: Error sending packet: received 1011 (internal error); then sent 1011 (internal error)
2026-05-26 21:00:47,669 - client - ERROR - Client 1: Error sending packet: received 1011 (internal error); then sent 1011 (internal error)
2026-05-26 21:00:47,670 - client - ERROR - Client 3: Error sending packet: received 1011 (internal error); then sent 1011 (internal error)
2026-05-26 21:00:47,675 - client - ERROR - Client 2: Error sending packet: received 1011 (internal error); then sent 1011 (internal error)
2026-05-26 21:00:47,727 - client - ERROR - Client 1: Error sending packet: received 1011 (internal error); then sent 1011 (internal error)
2026-05-26 21:00:47,729 - client - ERROR - Client 3: Error sending packet: received 1011 (internal error); then sent 1011 (internal error)
2026-05-26 21:00:47,731 - client - ERROR - Client 2: Error sending packet: received 1011 (internal error); then sent 1011 (internal error)
2026-05-26 21:00:47,789 - client - ERROR - Client 1: Error sending packet: received 1011 (internal error); then sent 1011 (internal error)
2026-05-26 21:00:47,792 - client - ERROR - Client 3: Error sending packet: received 1011 (internal error); then sent 1011 (internal error)
2026-05-26 21:00:47,794 - client - ERROR - Client 2: Error sending packet: received 1011 (internal error); then sent 1011 (internal error)
2026-05-26 21:00:47,850 - client - ERROR - Client 1: Error sending packet: received 1011 (internal error); then sent 1011 (internal error)
2026-05-26 21:00:47,850 - client - ERROR - Client 3: Error sending packet: received 1011 (internal error); then sent 1011 (internal error)
2026-05-26 21:00:47,856 - client - ERROR - Client 2: Error sending packet: received 1011 (internal error); then sent 1011 (internal error)
2026-05-26 21:00:47,908 - client - ERROR - Client 1: Error sending packet: received 1011 (internal error); then sent 1011 (internal error)
2026-05-26 21:00:47,908 - client - ERROR - Client 3: Error sending packet: received 1011 (internal error); then sent 1011 (internal error)
2026-05-26 21:00:47,913 - client - ERROR - Client 2: Error sending packet: received 1011 (internal error); then sent 1011 (internal error)
2026-05-26 21:00:47,968 - client - ERROR - Client 1: Error sending packet: received 1011 (internal error); then sent 1011 (internal error)
2026-05-26 21:00:47,968 - client - ERROR - Client 3: Error sending packet: received 1011 (internal error); then sent 1011 (internal error)
2026-05-26 21:00:47,973 - client - ERROR - Client 2: Error sending packet: received 1011 (internal error); then sent 1011 (internal error)
2026-05-26 21:00:48,002 - websockets.server - INFO - server closing
2026-05-26 21:00:48,004 - websockets.server - INFO - server closed
2026-05-26 21:00:50,035 - client - ERROR - Client 1: Unexpected error: [WinError 1225] The remote computer refused the network connection
2026-05-26 21:05:56,716 - server - INFO - Starting server on 127.0.0.1:18765
2026-05-26 21:05:56,724 - websockets.server - INFO - server listening on 127.0.0.1:18765
2026-05-26 21:05:56,724 - server - INFO - Server running on ws://127.0.0.1:18765
2026-05-26 21:05:58,726 - websockets.server - INFO - server closing
2026-05-26 21:05:58,726 - websockets.server - INFO - server closed
2026-05-26 21:05:58,767 - server - INFO - Starting server on 127.0.0.1:18765
2026-05-26 21:05:58,767 - websockets.server - INFO - server listening on 127.0.0.1:18765
2026-05-26 21:05:58,767 - server - INFO - Server running on ws://127.0.0.1:18765
2026-05-26 21:05:59,784 - websockets.server - INFO - connection open
2026-05-26 21:05:59,784 - server - INFO - Client connected: 2359572827440. Active clients: 1
2026-05-26 21:05:59,786 - client - INFO - Client 1: Connected to ws://127.0.0.1:18765
2026-05-26 21:06:02,784 - server - INFO - Client removed: 2359572827440. Active clients: 0
2026-05-26 21:06:02,784 - client - INFO - Client 1: Disconnected (packets_sent=51, packets_acked=51)
2026-05-26 21:06:02,784 - websockets.server - INFO - server closing
2026-05-26 21:06:02,784 - websockets.server - INFO - server closed
2026-05-26 21:06:02,836 - server - INFO - Starting server on 127.0.0.1:18766
2026-05-26 21:06:02,838 - websockets.server - INFO - server listening on 127.0.0.1:18766
2026-05-26 21:06:02,838 - server - INFO - Server running on ws://127.0.0.1:18766
2026-05-26 21:06:03,858 - websockets.server - INFO - connection open
2026-05-26 21:06:03,859 - server - INFO - Client connected: 2359566089856. Active clients: 1
2026-05-26 21:06:03,860 - websockets.server - INFO - connection open
2026-05-26 21:06:03,860 - server - INFO - Client connected: 2359572832048. Active clients: 2
2026-05-26 21:06:03,860 - websockets.server - INFO - connection open
2026-05-26 21:06:03,867 - server - INFO - Client connected: 2359573193984. Active clients: 3
2026-05-26 21:06:03,870 - client - INFO - Client 2: Connected to ws://127.0.0.1:18766
2026-05-26 21:06:03,870 - client - INFO - Client 1: Connected to ws://127.0.0.1:18766
2026-05-26 21:06:03,879 - client - INFO - Client 3: Connected to ws://127.0.0.1:18766
2026-05-26 21:06:09,858 - server - INFO - Client removed: 2359572832048. Active clients: 2
2026-05-26 21:06:09,860 - server - INFO - Client removed: 2359566089856. Active clients: 1
2026-05-26 21:06:09,860 - server - INFO - Client removed: 2359573193984. Active clients: 0
2026-05-26 21:06:09,862 - websockets.server - INFO - server closing
2026-05-26 21:06:09,862 - websockets.server - INFO - server closed
2026-05-26 21:06:11,893 - client - ERROR - Client 1: Unexpected error: [WinError 1225] The remote computer refused the network connection
2026-05-26 21:08:52,362 - server - INFO - Starting server on 127.0.0.1:18765
2026-05-26 21:08:52,371 - websockets.server - INFO - server listening on 127.0.0.1:18765
2026-05-26 21:08:52,371 - server - INFO - Server running on ws://127.0.0.1:18765
2026-05-26 21:08:54,371 - websockets.server - INFO - server closing
2026-05-26 21:08:54,371 - websockets.server - INFO - server closed
2026-05-26 21:08:54,397 - server - INFO - Starting server on 127.0.0.1:18765
2026-05-26 21:08:54,404 - websockets.server - INFO - server listening on 127.0.0.1:18765
2026-05-26 21:08:54,404 - server - INFO - Server running on ws://127.0.0.1:18765
2026-05-26 21:08:55,413 - websockets.server - INFO - connection open
2026-05-26 21:08:55,413 - server - INFO - Client connected: 1891797437840. Active clients: 1
2026-05-26 21:08:55,413 - client - INFO - Client 1: Connected to ws://127.0.0.1:18765
2026-05-26 21:08:58,396 - server - ERROR - Error processing packet from 1891797437840: received 1000 (OK); then sent 1000 (OK)
2026-05-26 21:08:58,396 - server - INFO - Client removed: 1891797437840. Active clients: 0
2026-05-26 21:08:58,454 - client - INFO - Client 1: Disconnected (packets_sent=52, packets_acked=51)
2026-05-26 21:08:58,454 - websockets.server - INFO - server closing
2026-05-26 21:08:58,454 - websockets.server - INFO - server closed
2026-05-26 21:08:58,471 - server - INFO - Starting server on 127.0.0.1:18766
2026-05-26 21:08:58,471 - websockets.server - INFO - server listening on 127.0.0.1:18766
2026-05-26 21:08:58,471 - server - INFO - Server running on ws://127.0.0.1:18766
2026-05-26 21:08:59,482 - websockets.server - INFO - connection open
2026-05-26 21:08:59,482 - server - INFO - Client connected: 1891797818944. Active clients: 1
2026-05-26 21:08:59,488 - websockets.server - INFO - connection open
2026-05-26 21:08:59,489 - server - INFO - Client connected: 1891797440720. Active clients: 2
2026-05-26 21:08:59,489 - websockets.server - INFO - connection open
2026-05-26 21:08:59,489 - server - INFO - Client connected: 1891797820768. Active clients: 3
2026-05-26 21:08:59,496 - client - INFO - Client 2: Connected to ws://127.0.0.1:18766
2026-05-26 21:08:59,497 - client - INFO - Client 1: Connected to ws://127.0.0.1:18766
2026-05-26 21:08:59,502 - client - INFO - Client 3: Connected to ws://127.0.0.1:18766
2026-05-26 21:09:02,479 - server - INFO - Client removed: 1891797440720. Active clients: 2
2026-05-26 21:09:02,479 - client - INFO - Client 1: Disconnected (packets_sent=52, packets_acked=52)
2026-05-26 21:09:02,479 - server - INFO - Client removed: 1891797818944. Active clients: 1
2026-05-26 21:09:02,488 - server - INFO - Client removed: 1891797820768. Active clients: 0
2026-05-26 21:09:02,529 - client - INFO - Client 2: Disconnected (packets_sent=53, packets_acked=53)
2026-05-26 21:09:02,529 - client - INFO - Client 3: Disconnected (packets_sent=53, packets_acked=53)
2026-05-26 21:09:02,529 - websockets.server - INFO - server closing
2026-05-26 21:09:02,529 - websockets.server - INFO - server closed
2026-05-26 21:09:04,555 - client - ERROR - Client 1: Unexpected error: [WinError 1225] The remote computer refused the network connection
